"model_name","model","p","d","q","P","D","Q","period","parameter_count","AIC","LjungBox_p","RMSE","MAE","has_warning","warning_text"
"tlb_s236_SARIMA_0_2_1_0_0_2_12","SARIMA(0,2,1)(0,0,2)[12]",0,2,1,0,0,2,12,3,955.435104092538,0.0744608820778851,2363.72742393571,2054.2843073341,FALSE,""
"tlb_s246_SARIMA_0_2_1_2_0_0_12","SARIMA(0,2,1)(2,0,0)[12]",0,2,1,2,0,0,12,3,954.611806885862,0.0749680240631172,2644.45574068289,2200.20215558456,FALSE,""
"tlb_s55_SARIMA_0_1_3_0_0_2_12","SARIMA(0,1,3)(0,0,2)[12]",0,1,3,0,0,2,12,5,970.649745212852,0.274936666952578,2715.04825148515,2267.84919631814,FALSE,""
"tlb_s122_SARIMA_1_1_3_0_0_2_12","SARIMA(1,1,3)(0,0,2)[12]",1,1,3,0,0,2,12,6,972.303051530824,0.194519668297804,2732.68329378856,2298.12577466657,FALSE,""
"tlb_s416_SARIMA_3_2_1_0_0_2_12","SARIMA(3,2,1)(0,0,2)[12]",3,2,1,0,0,2,12,6,959.096897934739,0.0388190099219689,2759.07329629745,2312.57814770508,FALSE,""
"tlb_s200_SARIMA_3_1_1_0_0_2_12","SARIMA(3,1,1)(0,0,2)[12]",3,1,1,0,0,2,12,6,973.619043359534,0.0767969098269414,2804.52017111422,2278.22630715747,FALSE,""
"tlb_s332_SARIMA_1_2_2_2_0_0_12","SARIMA(1,2,2)(2,0,0)[12]",1,2,2,2,0,0,12,5,957.291745089994,0.0815313161226769,2808.03141816804,2435.1695839354,FALSE,""
"tlb_s343_SARIMA_1_2_3_1_0_1_12","SARIMA(1,2,3)(1,0,1)[12]",1,2,3,1,0,1,12,6,958.772439163556,0.074853782159807,2838.59936354764,2461.00024944493,FALSE,""
"tlb_s264_SARIMA_0_2_2_2_0_0_12","SARIMA(0,2,2)(2,0,0)[12]",0,2,2,2,0,0,12,4,955.538540088411,0.10119193861454,2850.33116897917,2448.01036917028,FALSE,""
"tlb_s346_SARIMA_1_2_3_2_0_0_12","SARIMA(1,2,3)(2,0,0)[12]",1,2,3,2,0,0,12,6,959.175765684804,0.0644655215576003,2850.99811116603,2476.42350673541,FALSE,""
"tlb_s389_SARIMA_2_2_2_1_0_1_12","SARIMA(2,2,2)(1,0,1)[12]",2,2,2,1,0,1,12,6,958.763434770187,0.0765275617152067,2858.65074364509,2493.11692827472,FALSE,""
"tlb_s166_SARIMA_2_1_2_0_0_2_12","SARIMA(2,1,2)(0,0,2)[12]",2,1,2,0,0,2,12,6,974.898794103338,0.0780493510766685,2863.33187381996,2316.34951566603,FALSE,""
"tlb_s282_SARIMA_0_2_3_2_0_0_12","SARIMA(0,2,3)(2,0,0)[12]",0,2,3,2,0,0,12,5,957.396229487836,0.066879666147633,2863.3767230254,2426.73946963987,FALSE,""
"tlb_s259_SARIMA_0_2_2_1_0_1_12","SARIMA(0,2,2)(1,0,1)[12]",0,2,2,1,0,1,12,4,955.306312229654,0.105541222358892,2896.35043686968,2468.44254015647,FALSE,""
"tlb_s378_SARIMA_2_2_1_2_0_0_12","SARIMA(2,2,1)(2,0,0)[12]",2,2,1,2,0,0,12,5,957.112570301151,0.0686446228351208,2896.57164673099,2430.5293721282,FALSE,""
"tlb_s106_SARIMA_1_1_2_0_0_2_12","SARIMA(1,1,2)(0,0,2)[12]",1,1,2,0,0,2,12,5,973.108551463633,0.0954472713036539,2907.0575982972,2324.40607957719,FALSE,""
"tlb_s134_SARIMA_2_1_0_0_0_2_12","SARIMA(2,1,0)(0,0,2)[12]",2,1,0,0,0,2,12,4,971.275710393129,0.124348559597785,2912.14242752855,2333.11431096405,FALSE,""
"tlb_s71_SARIMA_1_1_0_0_0_2_12","SARIMA(1,1,0)(0,0,2)[12]",1,1,0,0,0,2,12,3,969.523347579155,0.158499159776218,2918.42505283442,2340.08900899154,FALSE,""
"tlb_s88_SARIMA_1_1_1_0_0_2_12","SARIMA(1,1,1)(0,0,2)[12]",1,1,1,0,0,2,12,4,971.243511731256,0.124639328902198,2922.6747917242,2328.4734865093,FALSE,""
"tlb_s148_SARIMA_2_1_0_2_1_2_12","SARIMA(2,1,0)(2,1,2)[12]",2,1,0,2,1,2,12,6,753.872289981167,0.0312720602715852,2930.75628451011,2549.06626710343,FALSE,""
"tlb_s6_SARIMA_0_1_0_1_0_1_12","SARIMA(0,1,0)(1,0,1)[12]",0,1,0,1,0,1,12,2,966.977815029603,0.182060016324805,2931.92130835932,2215.83066505753,FALSE,""
"tlb_s277_SARIMA_0_2_3_1_0_1_12","SARIMA(0,2,3)(1,0,1)[12]",0,2,3,1,0,1,12,5,957.222313147388,0.0727464623350553,2933.53879016115,2461.4057493717,FALSE,""
"tlb_s311_SARIMA_1_2_1_1_0_1_12","SARIMA(1,2,1)(1,0,1)[12]",1,2,1,1,0,1,12,4,955.214424410514,0.107289922000218,2949.52987987098,2497.33629147271,FALSE,""
"tlb_s37_SARIMA_0_1_2_0_0_2_12","SARIMA(0,1,2)(0,0,2)[12]",0,1,2,0,0,2,12,4,971.540058323905,0.109163068642569,2950.79963814334,2336.31627291179,FALSE,""
"tlb_s327_SARIMA_1_2_2_1_0_1_12","SARIMA(1,2,2)(1,0,1)[12]",1,2,2,1,0,1,12,5,956.891133284192,0.0642199624828971,2951.79596286698,2392.31447344337,FALSE,""
"tlb_s19_SARIMA_0_1_1_0_0_2_12","SARIMA(0,1,1)(0,0,2)[12]",0,1,1,0,0,2,12,3,969.710822257343,0.145742624324072,2957.09323556352,2335.73063692212,FALSE,""
"tlb_s184_SARIMA_3_1_0_0_0_2_12","SARIMA(3,1,0)(0,0,2)[12]",3,1,0,0,0,2,12,5,972.75846276924,0.0909042787516908,2960.84620259118,2297.37181127056,FALSE,""
"tlb_s322_SARIMA_1_2_2_0_0_2_12","SARIMA(1,2,2)(0,0,2)[12]",1,2,2,0,0,2,12,5,958.104732109048,0.0768933080745178,2964.40851568336,2523.62738897397,FALSE,""
"tlb_s333_SARIMA_1_2_2_2_0_1_12","SARIMA(1,2,2)(2,0,1)[12]",1,2,2,2,0,1,12,6,958.570975699381,0.0600559765413147,2970.44930076074,2636.50001269215,FALSE,""
"tlb_s283_SARIMA_0_2_3_2_0_1_12","SARIMA(0,2,3)(2,0,1)[12]",0,2,3,2,0,1,12,6,958.887238642641,0.0432013696691936,2978.89050223155,2605.51776106782,FALSE,""
"tlb_s265_SARIMA_0_2_2_2_0_1_12","SARIMA(0,2,2)(2,0,1)[12]",0,2,2,2,0,1,12,5,956.990241972043,0.0659097494499634,2981.71447305282,2632.11003864394,FALSE,""
"tlb_s379_SARIMA_2_2_1_2_0_1_12","SARIMA(2,2,1)(2,0,1)[12]",2,2,1,2,0,1,12,6,958.671716277855,0.0440533051983566,2999.49933641354,2588.84980640724,FALSE,""
"tlb_s316_SARIMA_1_2_1_2_0_1_12","SARIMA(1,2,1)(2,0,1)[12]",1,2,1,2,0,1,12,5,956.926577287334,0.0687763096167422,3009.67089622816,2632.8310373897,FALSE,""
"tlb_s272_SARIMA_0_2_3_0_0_2_12","SARIMA(0,2,3)(0,0,2)[12]",0,2,3,0,0,2,12,5,957.957883056025,0.0711848311322884,3032.05839004859,2584.41761403495,FALSE,""
"tlb_s12_SARIMA_0_1_0_2_0_1_12","SARIMA(0,1,0)(2,0,1)[12]",0,1,0,2,0,1,12,3,968.907062983513,0.114928767868099,3041.74051516669,2319.92855036344,FALSE,""
"tlb_s254_SARIMA_0_2_2_0_0_2_12","SARIMA(0,2,2)(0,0,2)[12]",0,2,2,0,0,2,12,4,956.147177860889,0.106936548004144,3044.8370206814,2599.6287988756,FALSE,""
"tlb_s278_SARIMA_0_2_3_1_0_2_12","SARIMA(0,2,3)(1,0,2)[12]",0,2,3,1,0,2,12,6,958.822334919534,0.0400116400089316,3046.28601395109,2651.39348664512,FALSE,""
"tlb_s260_SARIMA_0_2_2_1_0_2_12","SARIMA(0,2,2)(1,0,2)[12]",0,2,2,1,0,2,12,5,956.93397940549,0.0628684153733591,3047.81134835444,2683.50222864041,FALSE,""
"tlb_s171_SARIMA_2_1_2_1_0_1_12","SARIMA(2,1,2)(1,0,1)[12]",2,1,2,1,0,1,12,6,973.782760624002,0.104142650106895,3048.75087352348,2300.74591849329,FALSE,""
"tlb_s7_SARIMA_0_1_0_1_0_2_12","SARIMA(0,1,0)(1,0,2)[12]",0,1,0,1,0,2,12,3,968.883965971364,0.111003377387312,3051.28962998097,2334.08026360334,FALSE,""
"tlb_s240_SARIMA_0_2_1_1_0_0_12","SARIMA(0,2,1)(1,0,0)[12]",0,2,1,1,0,0,12,2,953.895309421488,0.0299381930351421,3051.70072016194,2563.33155747419,FALSE,""
"tlb_s328_SARIMA_1_2_2_1_0_2_12","SARIMA(1,2,2)(1,0,2)[12]",1,2,2,1,0,2,12,6,958.670889767181,0.0285679620178413,3057.36455402912,2420.18265741417,FALSE,""
"tlb_s312_SARIMA_1_2_1_1_0_2_12","SARIMA(1,2,1)(1,0,2)[12]",1,2,1,1,0,2,12,5,956.812163356218,0.0635615915043989,3070.92318075025,2693.10648531146,FALSE,""
"tlb_s117_SARIMA_1_1_2_2_0_1_12","SARIMA(1,1,2)(2,0,1)[12]",1,1,2,2,0,1,12,6,973.782918392545,0.0794064409454631,3085.50109721915,2454.79540140848,FALSE,""
"tlb_s368_SARIMA_2_2_1_0_0_2_12","SARIMA(2,2,1)(0,0,2)[12]",2,2,1,0,0,2,12,5,957.626940200458,0.074352109494779,3086.18380313174,2633.76446493508,FALSE,""
"tlb_s16_SARIMA_0_1_0_2_1_2_12","SARIMA(0,1,0)(2,1,2)[12]",0,1,0,2,1,2,12,4,752.427688098576,0.0490025130675492,3093.19942143623,2757.69350583485,FALSE,""
"tlb_s52_SARIMA_0_1_2_2_1_2_12","SARIMA(0,1,2)(2,1,2)[12]",0,1,2,2,1,2,12,6,754.173164700036,0.0274658615331812,3094.02007934817,2703.51296979453,FALSE,""
"tlb_s338_SARIMA_1_2_3_0_0_2_12","SARIMA(1,2,3)(0,0,2)[12]",1,2,3,0,0,2,12,6,959.911673656211,0.0617973612925783,3095.7382805582,2650.66759907194,FALSE,""
"tlb_s24_SARIMA_0_1_1_1_0_1_12","SARIMA(0,1,1)(1,0,1)[12]",0,1,1,1,0,1,12,3,968.56150121376,0.175453653144732,3096.28076511548,2322.51811144584,FALSE,""
"tlb_s186_SARIMA_3_1_0_0_1_1_12","SARIMA(3,1,0)(0,1,1)[12]",3,1,0,0,1,1,12,4,751.815689878319,0.101870799308794,3100.20785007199,2802.49343015225,FALSE,""
"tlb_s30_SARIMA_0_1_1_2_0_1_12","SARIMA(0,1,1)(2,0,1)[12]",0,1,1,2,0,1,12,4,970.274002413301,0.116936616866168,3125.65647262312,2445.67765919098,FALSE,""
"tlb_s48_SARIMA_0_1_2_2_0_1_12","SARIMA(0,1,2)(2,0,1)[12]",0,1,2,2,0,1,12,5,972.217365285456,0.0854040024132632,3150.09304098234,2442.09180668481,FALSE,""
"tlb_s242_SARIMA_0_2_1_1_0_2_12","SARIMA(0,2,1)(1,0,2)[12]",0,2,1,1,0,2,12,4,955.775565639147,0.0571547806176245,3152.33457717428,2398.13133046685,FALSE,""
"tlb_s189_SARIMA_3_1_0_1_0_1_12","SARIMA(3,1,0)(1,0,1)[12]",3,1,0,1,0,1,12,5,971.555181269866,0.113911434513576,3155.83595471584,2265.11706067623,FALSE,""
"tlb_s306_SARIMA_1_2_1_0_0_2_12","SARIMA(1,2,1)(0,0,2)[12]",1,2,1,0,0,2,12,4,955.912686249889,0.111705927734646,3162.34228456992,2711.20814264484,FALSE,""
"tlb_s82_SARIMA_1_1_0_2_0_1_12","SARIMA(1,1,0)(2,0,1)[12]",1,1,0,2,0,1,12,4,970.228218187891,0.118987019338387,3174.15222978407,2465.04048814832,FALSE,""
"tlb_s247_SARIMA_0_2_1_2_0_1_12","SARIMA(0,2,1)(2,0,1)[12]",0,2,1,2,0,1,12,4,955.790969606078,0.05936678040037,3175.46555198493,2401.73430700345,FALSE,""
"tlb_s25_SARIMA_0_1_1_1_0_2_12","SARIMA(0,1,1)(1,0,2)[12]",0,1,1,1,0,2,12,4,970.213306437681,0.110851859309245,3180.42148232489,2497.3133631867,FALSE,""
"tlb_s145_SARIMA_2_1_0_2_0_1_12","SARIMA(2,1,0)(2,0,1)[12]",2,1,0,2,0,1,12,5,972.081702537693,0.0899691448733372,3181.46623190997,2456.39431908031,FALSE,""
"tlb_s99_SARIMA_1_1_1_2_0_1_12","SARIMA(1,1,1)(2,0,1)[12]",1,1,1,2,0,1,12,5,972.014751633544,0.0888364043371612,3183.70806316637,2438.95165058493,FALSE,""
"tlb_s195_SARIMA_3_1_0_2_0_1_12","SARIMA(3,1,0)(2,0,1)[12]",3,1,0,2,0,1,12,6,973.301751084338,0.0612694338770307,3186.22971522284,2365.13361853554,FALSE,""
"tlb_s241_SARIMA_0_2_1_1_0_1_12","SARIMA(0,2,1)(1,0,1)[12]",0,2,1,1,0,1,12,3,953.861197236513,0.102193595935859,3191.13273286081,2342.93296840127,FALSE,""
"tlb_s3_SARIMA_0_1_0_0_1_1_12","SARIMA(0,1,0)(0,1,1)[12]",0,1,0,0,1,1,12,1,748.178341049711,0.152375743980649,3194.18488138732,2899.58664906338,FALSE,""
"tlb_s326_SARIMA_1_2_2_1_0_0_12","SARIMA(1,2,2)(1,0,0)[12]",1,2,2,1,0,0,12,4,956.366931690471,0.0538444016288026,3194.84175795701,2711.92180961904,FALSE,""
"tlb_s258_SARIMA_0_2_2_1_0_0_12","SARIMA(0,2,2)(1,0,0)[12]",0,2,2,1,0,0,12,3,954.343667073669,0.0866425486146207,3195.42025996116,2696.99228090445,FALSE,""
"tlb_s276_SARIMA_0_2_3_1_0_0_12","SARIMA(0,2,3)(1,0,0)[12]",0,2,3,1,0,0,12,4,956.099125485192,0.0551991989936155,3199.14796972354,2655.01470011052,FALSE,""
"tlb_s77_SARIMA_1_1_0_1_0_2_12","SARIMA(1,1,0)(1,0,2)[12]",1,1,0,1,0,2,12,4,970.145518846795,0.113620730764161,3206.78260198657,2513.53714530408,FALSE,""
"tlb_s9_SARIMA_0_1_0_1_1_1_12","SARIMA(0,1,0)(1,1,1)[12]",0,1,0,1,1,1,12,2,750.177580043629,0.116909901107334,3210.15763351258,2914.73190327335,FALSE,""
"tlb_s43_SARIMA_0_1_2_1_0_2_12","SARIMA(0,1,2)(1,0,2)[12]",0,1,2,1,0,2,12,5,972.153382460982,0.0803762291258581,3213.13177102446,2500.7553216752,FALSE,""
"tlb_s342_SARIMA_1_2_3_1_0_0_12","SARIMA(1,2,3)(1,0,0)[12]",1,2,3,1,0,0,12,5,958.116855503583,0.048267610953365,3215.10996755073,2722.41051795947,FALSE,""
"tlb_s310_SARIMA_1_2_1_1_0_0_12","SARIMA(1,2,1)(1,0,0)[12]",1,2,1,1,0,0,12,3,954.0626048406,0.0979485733237633,3215.96249299621,2692.08944828834,FALSE,""
"tlb_s34_SARIMA_0_1_1_2_1_2_12","SARIMA(0,1,1)(2,1,2)[12]",0,1,1,2,1,2,12,5,752.273368413277,0.0243689704892244,3215.995291992,2842.45581147751,FALSE,""
"tlb_s266_SARIMA_0_2_2_2_0_2_12","SARIMA(0,2,2)(2,0,2)[12]",0,2,2,2,0,2,12,6,958.832339051943,0.0409891176050718,3218.93671969845,2684.85876110621,FALSE,""
"tlb_s76_SARIMA_1_1_0_1_0_1_12","SARIMA(1,1,0)(1,0,1)[12]",1,1,0,1,0,1,12,3,968.531127970558,0.177770082635809,3219.36281949772,2380.91851116206,FALSE,""
"tlb_s4_SARIMA_0_1_0_0_1_2_12","SARIMA(0,1,0)(0,1,2)[12]",0,1,0,0,1,2,12,2,750.177081212497,0.11610226287065,3220.63794574469,2924.64115219637,FALSE,""
"tlb_s42_SARIMA_0_1_2_1_0_1_12","SARIMA(0,1,2)(1,0,1)[12]",0,1,2,1,0,1,12,4,970.533256514298,0.134940070896516,3229.18427154093,2375.57037791643,FALSE,""
"tlb_s90_SARIMA_1_1_1_0_1_1_12","SARIMA(1,1,1)(0,1,1)[12]",1,1,1,0,1,1,12,3,750.232736135915,0.121244834404485,3236.74414029045,2945.06569790581,FALSE,""
"tlb_s388_SARIMA_2_2_2_1_0_0_12","SARIMA(2,2,2)(1,0,0)[12]",2,2,2,1,0,0,12,5,957.877077824668,0.0604578452270786,3236.74756225363,2727.55771502444,FALSE,""
"tlb_s152_SARIMA_2_1_1_0_1_1_12","SARIMA(2,1,1)(0,1,1)[12]",2,1,1,0,1,1,12,4,752.229888299583,0.0942283759140611,3237.73531418592,2945.6440068105,FALSE,""
"tlb_s108_SARIMA_1_1_2_0_1_1_12","SARIMA(1,1,2)(0,1,1)[12]",1,1,2,0,1,1,12,4,752.215999397817,0.110600456822426,3241.12208515241,2947.08029862246,FALSE,""
"tlb_s190_SARIMA_3_1_0_1_0_2_12","SARIMA(3,1,0)(1,0,2)[12]",3,1,0,1,0,2,12,6,973.257244985478,0.0558548726957524,3241.33029143863,2402.38446392941,FALSE,""
"tlb_s384_SARIMA_2_2_2_0_0_2_12","SARIMA(2,2,2)(0,0,2)[12]",2,2,2,0,0,2,12,6,959.723554363489,0.0684458191799784,3250.34422203635,2794.37145991367,FALSE,""
"tlb_s205_SARIMA_3_1_1_1_0_1_12","SARIMA(3,1,1)(1,0,1)[12]",3,1,1,1,0,1,12,6,972.313729189097,0.121322475551969,3251.18344775523,2382.11960621913,FALSE,""
"tlb_s2_SARIMA_0_1_0_0_0_2_12","SARIMA(0,1,0)(0,0,2)[12]",0,1,0,0,0,2,12,2,968.848547807746,0.106128016852258,3251.48682951546,2394.25181877885,FALSE,""
"tlb_s156_SARIMA_2_1_1_1_0_2_12","SARIMA(2,1,1)(1,0,2)[12]",2,1,1,1,0,2,12,6,973.924522179959,0.0591715977681923,3253.71590091969,2489.88530097847,FALSE,""
"tlb_s94_SARIMA_1_1_1_1_0_2_12","SARIMA(1,1,1)(1,0,2)[12]",1,1,1,1,0,2,12,5,971.95286049591,0.0829872163578571,3255.51718975749,2490.08941727585,FALSE,""
"tlb_s136_SARIMA_2_1_0_0_1_1_12","SARIMA(2,1,0)(0,1,1)[12]",2,1,0,0,1,1,12,3,750.26677303261,0.118230036150706,3258.88349652959,2965.79737522279,FALSE,""
"tlb_s15_SARIMA_0_1_0_2_1_1_12","SARIMA(0,1,0)(2,1,1)[12]",0,1,0,2,1,1,12,3,750.556597697805,0.104045220443159,3262.64818197849,2811.76306150091,FALSE,""
"tlb_s168_SARIMA_2_1_2_0_1_1_12","SARIMA(2,1,2)(0,1,1)[12]",2,1,2,0,1,1,12,5,751.168908139894,0.110171840895083,3273.98165586503,2979.47435796482,FALSE,""
"tlb_s39_SARIMA_0_1_2_0_1_1_12","SARIMA(0,1,2)(0,1,1)[12]",0,1,2,0,1,1,12,3,750.450959403788,0.0846598836443704,3276.73234165242,2984.83045178389,FALSE,""
"tlb_s155_SARIMA_2_1_1_1_0_1_12","SARIMA(2,1,1)(1,0,1)[12]",2,1,1,1,0,1,12,5,972.332351361227,0.107849922496039,3276.7863288422,2377.1754849225,FALSE,""
"tlb_s21_SARIMA_0_1_1_0_1_1_12","SARIMA(0,1,1)(0,1,1)[12]",0,1,1,0,1,1,12,2,748.453935547426,0.103774902316649,3277.06870041799,2985.6501086288,FALSE,""
"tlb_s73_SARIMA_1_1_0_0_1_1_12","SARIMA(1,1,0)(0,1,1)[12]",1,1,0,0,1,1,12,2,748.346694605499,0.121520111367063,3277.18119555219,2984.51994295426,FALSE,""
"tlb_s396_SARIMA_2_2_3_1_0_0_12","SARIMA(2,2,3)(1,0,0)[12]",2,2,3,1,0,0,12,6,959.303179535488,0.0307530107502788,3292.3119130086,2632.25397576823,FALSE,""
"tlb_s202_SARIMA_3_1_1_0_1_1_12","SARIMA(3,1,1)(0,1,1)[12]",3,1,1,0,1,1,12,5,749.059006892987,0.374450001897819,3293.35813653059,2980.23101242046,FALSE,""
"tlb_s140_SARIMA_2_1_0_1_0_2_12","SARIMA(2,1,0)(1,0,2)[12]",2,1,0,1,0,2,12,5,972.046764522696,0.0845621851472449,3294.86379259201,2519.8760950172,FALSE,""
"tlb_s112_SARIMA_1_1_2_1_0_2_12","SARIMA(1,1,2)(1,0,2)[12]",1,1,2,1,0,2,12,6,973.892563911789,0.0586201229749067,3308.29771505913,2509.01866925405,FALSE,""
"tlb_s192_SARIMA_3_1_0_1_1_1_12","SARIMA(3,1,0)(1,1,1)[12]",3,1,0,1,1,1,12,5,753.645861072079,0.0844604762515645,3337.27238186433,3026.12166901047,FALSE,""
"tlb_s197_SARIMA_3_1_0_2_1_1_12","SARIMA(3,1,0)(2,1,1)[12]",3,1,0,2,1,1,12,6,754.021844447566,0.05593217252501,3384.75530695998,2654.65131130509,FALSE,""
"tlb_s102_SARIMA_1_1_1_2_1_1_12","SARIMA(1,1,1)(2,1,1)[12]",1,1,1,2,1,1,12,5,752.170148919743,0.0730162244566138,3406.60996807805,2799.4884204273,FALSE,""
"tlb_s163_SARIMA_2_1_1_2_1_1_12","SARIMA(2,1,1)(2,1,1)[12]",2,1,1,2,1,1,12,6,754.161524759518,0.0553726589458541,3413.42947932164,2786.59455127452,FALSE,""
"tlb_s93_SARIMA_1_1_1_1_0_1_12","SARIMA(1,1,1)(1,0,1)[12]",1,1,1,1,0,1,12,4,970.346272868829,0.138699819109821,3414.81645654246,2451.96912503122,FALSE,""
"tlb_s119_SARIMA_1_1_2_2_1_1_12","SARIMA(1,1,2)(2,1,1)[12]",1,1,2,2,1,1,12,6,754.107563432184,0.075925593681157,3424.43646215196,2761.67988741729,FALSE,""
"tlb_s51_SARIMA_0_1_2_2_1_1_12","SARIMA(0,1,2)(2,1,1)[12]",0,1,2,2,1,1,12,5,752.424796969236,0.0663260853827879,3426.3089133562,2929.97736447405,FALSE,""
"tlb_s429_SARIMA_3_2_2_1_0_0_12","SARIMA(3,2,2)(1,0,0)[12]",3,2,2,1,0,0,12,6,957.846765754927,0.0143496397403816,3439.56278907572,2567.20917220214,FALSE,""
"tlb_s33_SARIMA_0_1_1_2_1_1_12","SARIMA(0,1,1)(2,1,1)[12]",0,1,1,2,1,1,12,4,750.509050399087,0.0594944697088765,3446.01019438481,3008.66511188645,FALSE,""
"tlb_s431_SARIMA_3_2_3_0_0_0_12","SARIMA(3,2,3)(0,0,0)[12]",3,2,3,0,0,0,12,6,963.130750170527,0.00804004121214352,3449.00462988941,2496.78936832476,FALSE,""
"tlb_s187_SARIMA_3_1_0_0_1_2_12","SARIMA(3,1,0)(0,1,2)[12]",3,1,0,0,1,2,12,5,753.538329293719,0.0851112831128754,3456.53326503438,3131.49487442115,FALSE,""
"tlb_s83_SARIMA_1_1_0_2_0_2_12","SARIMA(1,1,0)(2,0,2)[12]",1,1,0,2,0,2,12,5,972.05683182251,0.0812785824949918,3468.52159505648,2598.12399568207,FALSE,""
"tlb_s139_SARIMA_2_1_0_1_0_1_12","SARIMA(2,1,0)(1,0,1)[12]",2,1,0,1,0,1,12,4,970.420535010205,0.136160335636898,3474.49886756263,2496.1251789337,FALSE,""
"tlb_s10_SARIMA_0_1_0_1_1_2_12","SARIMA(0,1,0)(1,1,2)[12]",0,1,0,1,1,2,12,3,751.914958711305,0.0873128752356478,3474.64814383328,3120.2158593426,FALSE,""
"tlb_s13_SARIMA_0_1_0_2_0_2_12","SARIMA(0,1,0)(2,0,2)[12]",0,1,0,2,0,2,12,4,970.688641260091,0.0751074685021971,3477.35462515358,2515.13645909382,FALSE,""
"tlb_s98_SARIMA_1_1_1_2_0_0_12","SARIMA(1,1,1)(2,0,0)[12]",1,1,1,2,0,0,12,4,970.629044441888,0.121622024446878,3496.00687975785,2503.49800331975,FALSE,""
"tlb_s66_SARIMA_0_1_3_2_0_1_12","SARIMA(0,1,3)(2,0,1)[12]",0,1,3,2,0,1,12,6,971.876059177321,0.158645021267837,3497.71331973333,2610.33080155855,FALSE,""
"tlb_s352_SARIMA_2_2_0_0_1_1_12","SARIMA(2,2,0)(0,1,1)[12]",2,2,0,0,1,1,12,3,745.787576188278,0.0771383001036314,3503.8067187157,2685.38386755936,FALSE,""
"tlb_s116_SARIMA_1_1_2_2_0_0_12","SARIMA(1,1,2)(2,0,0)[12]",1,1,2,2,0,0,12,5,972.548169286854,0.0992605646551284,3514.47543753545,2527.02471490761,FALSE,""
"tlb_s96_SARIMA_1_1_1_1_1_1_12","SARIMA(1,1,1)(1,1,1)[12]",1,1,1,1,1,1,12,4,752.013632270949,0.101129329255978,3514.88941962048,3198.47143105419,FALSE,""
"tlb_s103_SARIMA_1_1_1_2_1_2_12","SARIMA(1,1,1)(2,1,2)[12]",1,1,1,2,1,2,12,6,752.282830893311,0.0404494519236512,3516.92251742873,3141.7142715863,FALSE,""
"tlb_s27_SARIMA_0_1_1_1_1_1_12","SARIMA(0,1,1)(1,1,1)[12]",0,1,1,1,1,1,12,3,750.290209983177,0.0854851827401063,3530.51844192035,3214.57420265588,FALSE,""
"tlb_s45_SARIMA_0_1_2_1_1_1_12","SARIMA(0,1,2)(1,1,1)[12]",0,1,2,1,1,1,12,4,752.283359845315,0.0707193396392152,3531.41110024564,3214.7425951488,FALSE,""
"tlb_s391_SARIMA_2_2_2_1_1_1_12","SARIMA(2,2,2)(1,1,1)[12]",2,2,2,1,1,1,12,6,750.183998898288,0.0011809038774222,3536.83851914851,2756.09738260206,FALSE,""
"tlb_s100_SARIMA_1_1_1_2_0_2_12","SARIMA(1,1,1)(2,0,2)[12]",1,1,1,2,0,2,12,6,973.848231519476,0.0566395902515792,3539.66397694177,2585.50097303975,FALSE,""
"tlb_s114_SARIMA_1_1_2_1_1_1_12","SARIMA(1,1,2)(1,1,1)[12]",1,1,2,1,1,1,12,5,753.971716635481,0.103650289303443,3539.81704901317,3217.63034932835,FALSE,""
"tlb_s142_SARIMA_2_1_0_1_1_1_12","SARIMA(2,1,0)(1,1,1)[12]",2,1,0,1,1,1,12,4,752.04035263154,0.100815918328368,3542.02873265996,3222.4569409956,FALSE,""
"tlb_s111_SARIMA_1_1_2_1_0_1_12","SARIMA(1,1,2)(1,0,1)[12]",1,1,2,1,0,1,12,5,972.283294409715,0.101877331935505,3547.09821052403,2523.5225616581,FALSE,""
"tlb_s161_SARIMA_2_1_1_2_0_1_12","SARIMA(2,1,1)(2,0,1)[12]",2,1,1,2,0,1,12,6,974.192447589635,0.0629319299472045,3548.92445540434,2559.01649663056,FALSE,""
"tlb_s79_SARIMA_1_1_0_1_1_1_12","SARIMA(1,1,0)(1,1,1)[12]",1,1,0,1,1,1,12,3,750.140492043548,0.102973837248959,3558.7957073278,3238.53879822042,FALSE,""
"tlb_s31_SARIMA_0_1_1_2_0_2_12","SARIMA(0,1,1)(2,0,2)[12]",0,1,1,2,0,2,12,5,972.083671834761,0.0800510101398348,3561.86703179147,2625.39508681036,FALSE,""
"tlb_s208_SARIMA_3_1_1_2_0_0_12","SARIMA(3,1,1)(2,0,0)[12]",3,1,1,2,0,0,12,6,972.628452272511,0.0831104765655648,3567.64421177712,2551.9933382655,FALSE,""
"tlb_s11_SARIMA_0_1_0_2_0_0_12","SARIMA(0,1,0)(2,0,0)[12]",0,1,0,2,0,0,12,2,967.830517634804,0.122160453060446,3575.68090726802,2515.97694163069,FALSE,""
"tlb_s29_SARIMA_0_1_1_2_0_0_12","SARIMA(0,1,1)(2,0,0)[12]",0,1,1,2,0,0,12,3,968.90951663277,0.153553683235563,3580.10764965034,2551.38752481252,FALSE,""
"tlb_s174_SARIMA_2_1_2_2_0_0_12","SARIMA(2,1,2)(2,0,0)[12]",2,1,2,2,0,0,12,6,974.095109424614,0.0839611195923765,3592.95219276165,2575.21591044812,FALSE,""
"tlb_s49_SARIMA_0_1_2_2_0_2_12","SARIMA(0,1,2)(2,0,2)[12]",0,1,2,2,0,2,12,6,974.036459883816,0.0560234796211837,3593.98474441618,2624.3551761476,FALSE,""
"tlb_s81_SARIMA_1_1_0_2_0_0_12","SARIMA(1,1,0)(2,0,0)[12]",1,1,0,2,0,0,12,3,968.793509532516,0.161191896061919,3600.6716487753,2572.77288159384,FALSE,""
"tlb_s321_SARIMA_1_2_2_0_0_1_12","SARIMA(1,2,2)(0,0,1)[12]",1,2,2,0,0,1,12,4,959.988713347418,0.0289449611909602,3603.1409518051,2598.58913679696,FALSE,""
"tlb_s61_SARIMA_0_1_3_1_0_2_12","SARIMA(0,1,3)(1,0,2)[12]",0,1,3,1,0,2,12,6,971.829384145415,0.137259155678016,3604.09028052341,2663.92302679111,FALSE,""
"tlb_s47_SARIMA_0_1_2_2_0_0_12","SARIMA(0,1,2)(2,0,0)[12]",0,1,2,2,0,0,12,4,970.799974023162,0.114330310797923,3619.77890536845,2576.85837163343,FALSE,""
"tlb_s193_SARIMA_3_1_0_1_1_2_12","SARIMA(3,1,0)(1,1,2)[12]",3,1,0,1,1,2,12,6,755.179079139166,0.07634541144275,3626.33791091254,3118.90005008026,FALSE,""
"tlb_s296_SARIMA_1_2_0_1_1_1_12","SARIMA(1,2,0)(1,1,1)[12]",1,2,0,1,1,1,12,3,749.415979134347,0.0546101097580795,3629.58668757381,3209.30581398531,FALSE,""
"tlb_s235_SARIMA_0_2_1_0_0_1_12","SARIMA(0,2,1)(0,0,1)[12]",0,2,1,0,0,1,12,2,956.666404041004,0.0327205278658076,3632.25324528917,2541.81351402202,FALSE,""
"tlb_s146_SARIMA_2_1_0_2_0_2_12","SARIMA(2,1,0)(2,0,2)[12]",2,1,0,2,0,2,12,6,973.919430625224,0.0584064413897403,3632.40645099364,2633.8447492106,FALSE,""
"tlb_s377_SARIMA_2_2_1_1_1_2_12","SARIMA(2,2,1)(1,1,2)[12]",2,2,1,1,1,2,12,6,746.625218739386,0.211286492334818,3643.43106751854,3228.58090856511,FALSE,""
"tlb_s144_SARIMA_2_1_0_2_0_0_12","SARIMA(2,1,0)(2,0,0)[12]",2,1,0,2,0,0,12,4,970.59926455273,0.124420174110202,3649.3984025203,2599.47807465718,FALSE,""
"tlb_s91_SARIMA_1_1_1_0_1_2_12","SARIMA(1,1,1)(0,1,2)[12]",1,1,1,0,1,2,12,4,751.864351845523,0.101323265535247,3652.70438587566,3325.76079549255,FALSE,""
"tlb_s153_SARIMA_2_1_1_0_1_2_12","SARIMA(2,1,1)(0,1,2)[12]",2,1,1,0,1,2,12,5,753.856298605706,0.0781674398440937,3654.63087177326,3327.00810668153,FALSE,""
"tlb_s248_SARIMA_0_2_1_2_0_2_12","SARIMA(0,2,1)(2,0,2)[12]",0,2,1,2,0,2,12,5,957.627220095198,0.0356378405850049,3655.44834038152,2633.93320616511,FALSE,""
"tlb_s124_SARIMA_1_1_3_0_1_1_12","SARIMA(1,1,3)(0,1,1)[12]",1,1,3,0,1,1,12,5,748.402415737689,0.536222723618783,3656.71571728044,3306.90062684771,FALSE,""
"tlb_s8_SARIMA_0_1_0_1_1_0_12","SARIMA(0,1,0)(1,1,0)[12]",0,1,0,1,1,0,12,1,754.047405834353,0.0980515813242431,3657.25104383406,3301.39748393492,FALSE,""
"tlb_s173_SARIMA_2_1_2_1_1_1_12","SARIMA(2,1,2)(1,1,1)[12]",2,1,2,1,1,1,12,6,752.827930718228,0.113921115992976,3660.94354137351,3330.38848939373,FALSE,""
"tlb_s234_SARIMA_0_2_1_0_0_0_12","SARIMA(0,2,1)(0,0,0)[12]",0,2,1,0,0,0,12,1,961.388243230239,0.00940722966559115,3663.03466650299,2693.09695867826,FALSE,""
"tlb_s160_SARIMA_2_1_1_2_0_0_12","SARIMA(2,1,1)(2,0,0)[12]",2,1,1,2,0,0,12,5,972.516944971331,0.0918543225719309,3663.57552284235,2598.42269653686,FALSE,""
"tlb_s207_SARIMA_3_1_1_1_1_1_12","SARIMA(3,1,1)(1,1,1)[12]",3,1,1,1,1,1,12,6,750.673349636861,0.339858763151737,3663.98993976308,3321.20900920785,FALSE,""
"tlb_s22_SARIMA_0_1_1_0_1_2_12","SARIMA(0,1,1)(0,1,2)[12]",0,1,1,0,1,2,12,3,750.18275911911,0.0865238108063607,3671.57814608129,3344.29815326968,FALSE,""
"tlb_s194_SARIMA_3_1_0_2_0_0_12","SARIMA(3,1,0)(2,0,0)[12]",3,1,0,2,0,0,12,5,971.921882692262,0.0872396595186644,3675.18045363661,2591.04560781188,FALSE,""
"tlb_s40_SARIMA_0_1_2_0_1_2_12","SARIMA(0,1,2)(0,1,2)[12]",0,1,2,0,1,2,12,4,752.170074547064,0.0740660678737349,3675.40440258571,3347.13987092253,FALSE,""
"tlb_s137_SARIMA_2_1_0_0_1_2_12","SARIMA(2,1,0)(0,1,2)[12]",2,1,0,0,1,2,12,4,751.884635325712,0.102044135751755,3681.740948225,3352.18732785156,FALSE,""
"tlb_s213_SARIMA_3_1_2_0_1_1_12","SARIMA(3,1,2)(0,1,1)[12]",3,1,2,0,1,1,12,6,749.56977415371,0.507502871555383,3684.71880830125,3353.75395846876,FALSE,""
"tlb_s109_SARIMA_1_1_2_0_1_2_12","SARIMA(1,1,2)(0,1,2)[12]",1,1,2,0,1,2,12,5,753.794199176453,0.114023201112048,3686.14351144831,3350.87896715219,FALSE,""
"tlb_s317_SARIMA_1_2_1_2_0_2_12","SARIMA(1,2,1)(2,0,2)[12]",1,2,1,2,0,2,12,6,959.396495542085,0.050273465038427,3689.2574307234,2702.03166325091,FALSE,""
"tlb_s158_SARIMA_2_1_1_1_1_1_12","SARIMA(2,1,1)(1,1,1)[12]",2,1,1,1,1,1,12,5,751.25816994054,0.123001509975125,3690.82393589086,3356.42228873634,FALSE,""
"tlb_s130_SARIMA_1_1_3_2_0_0_12","SARIMA(1,1,3)(2,0,0)[12]",1,1,3,2,0,0,12,6,971.602087106772,0.183697000638523,3709.46504862568,2675.89775299134,FALSE,""
"tlb_s74_SARIMA_1_1_0_0_1_2_12","SARIMA(1,1,0)(0,1,2)[12]",1,1,0,0,1,2,12,3,749.998769133679,0.104306067466382,3709.61209832029,3378.55951068499,FALSE,""
"tlb_s127_SARIMA_1_1_3_1_0_1_12","SARIMA(1,1,3)(1,0,1)[12]",1,1,3,1,0,1,12,6,971.556832192627,0.185190364468007,3710.40061228035,2676.07499537111,FALSE,""
"tlb_s414_SARIMA_3_2_1_0_0_0_12","SARIMA(3,2,1)(0,0,0)[12]",3,2,1,0,0,0,12,4,966.059842869553,0.0195042214080703,3726.08512687263,2751.62833816298,FALSE,""
"tlb_s203_SARIMA_3_1_1_0_1_2_12","SARIMA(3,1,1)(0,1,2)[12]",3,1,1,0,1,2,12,6,750.532667425942,0.324561174724526,3734.4986303837,3382.88014215317,FALSE,""
"tlb_s97_SARIMA_1_1_1_1_1_2_12","SARIMA(1,1,1)(1,1,2)[12]",1,1,1,1,1,2,12,5,753.427816785323,0.100253022120819,3764.12218760462,3325.81229669173,FALSE,""
"tlb_s85_SARIMA_1_1_0_2_1_1_12","SARIMA(1,1,0)(2,1,1)[12]",1,1,0,2,1,1,12,4,754.235289681445,0.10250974768071,3766.84405937331,2486.5107763451,FALSE,""
"tlb_s337_SARIMA_1_2_3_0_0_1_12","SARIMA(1,2,3)(0,0,1)[12]",1,2,3,0,0,1,12,5,962.079904621043,0.0186115444908322,3767.29746448091,2633.69659919655,FALSE,""
"tlb_s253_SARIMA_0_2_2_0_0_1_12","SARIMA(0,2,2)(0,0,1)[12]",0,2,2,0,0,1,12,3,958.079976457927,0.0392441511202187,3770.68284163825,2634.95616638473,FALSE,""
"tlb_s383_SARIMA_2_2_2_0_0_1_12","SARIMA(2,2,2)(0,0,1)[12]",2,2,2,0,0,1,12,5,961.903687493491,0.0213517494006618,3776.70208230738,2644.24460830889,FALSE,""
"tlb_s143_SARIMA_2_1_0_1_1_2_12","SARIMA(2,1,0)(1,1,2)[12]",2,1,0,1,1,2,12,5,753.44143056652,0.101927324639589,3779.43051014994,3348.79717766316,FALSE,""
"tlb_s115_SARIMA_1_1_2_1_1_2_12","SARIMA(1,1,2)(1,1,2)[12]",1,1,2,1,1,2,12,6,755.370363891853,0.105427388135877,3781.84881783993,3317.24546836281,FALSE,""
"tlb_s28_SARIMA_0_1_1_1_1_2_12","SARIMA(0,1,1)(1,1,2)[12]",0,1,1,1,1,2,12,4,751.731724248731,0.0867242148046614,3787.95782464821,3411.28995098919,FALSE,""
"tlb_s169_SARIMA_2_1_2_0_1_2_12","SARIMA(2,1,2)(0,1,2)[12]",2,1,2,0,1,2,12,6,752.666963157788,0.11800717448127,3790.01025262132,3452.5201051751,FALSE,""
"tlb_s46_SARIMA_0_1_2_1_1_2_12","SARIMA(0,1,2)(1,1,2)[12]",0,1,2,1,1,2,12,5,753.710380301591,0.0774345022523618,3792.38231093753,3402.56270166797,FALSE,""
"tlb_s80_SARIMA_1_1_0_1_1_2_12","SARIMA(1,1,0)(1,1,2)[12]",1,1,0,1,1,2,12,4,751.540919258575,0.107089780353835,3805.71093739281,3407.77090906706,FALSE,""
"tlb_s402_SARIMA_3_2_0_0_1_1_12","SARIMA(3,2,0)(0,1,1)[12]",3,2,0,0,1,1,12,4,747.903393411675,0.091880319230499,3807.67446400941,3445.17290617331,FALSE,""
"tlb_s65_SARIMA_0_1_3_2_0_0_12","SARIMA(0,1,3)(2,0,0)[12]",0,1,3,2,0,0,12,5,970.094117735379,0.243406667633497,3818.28443133387,2721.54897364291,FALSE,""
"tlb_s371_SARIMA_2_2_1_0_1_2_12","SARIMA(2,2,1)(0,1,2)[12]",2,2,1,0,1,2,12,5,744.68676812314,0.243929622138981,3824.48702511542,3212.90950026979,FALSE,""
"tlb_s60_SARIMA_0_1_3_1_0_1_12","SARIMA(0,1,3)(1,0,1)[12]",0,1,3,1,0,1,12,5,970.075997872787,0.239695251177853,3834.07957224044,2722.78279260835,FALSE,""
"tlb_s419_SARIMA_3_2_1_0_1_2_12","SARIMA(3,2,1)(0,1,2)[12]",3,2,1,0,1,2,12,6,746.672134601414,0.178408131649674,3865.340339978,3172.4483088442,FALSE,""
"tlb_s305_SARIMA_1_2_1_0_0_1_12","SARIMA(1,2,1)(0,0,1)[12]",1,2,1,0,0,1,12,3,958.010205307065,0.0401046295154394,3882.96579469999,2684.86394756306,FALSE,""
"tlb_s425_SARIMA_3_2_2_0_0_0_12","SARIMA(3,2,2)(0,0,0)[12]",3,2,2,0,0,0,12,5,967.903594996352,0.0122976877977498,3889.46415481629,2874.65030842933,FALSE,""
"tlb_s387_SARIMA_2_2_2_0_1_2_12","SARIMA(2,2,2)(0,1,2)[12]",2,2,2,0,1,2,12,6,746.666214545061,0.171743698858494,3890.89363201931,3175.51138444892,FALSE,""
"tlb_s159_SARIMA_2_1_1_1_1_2_12","SARIMA(2,1,1)(1,1,2)[12]",2,1,1,1,1,2,12,6,752.773828976561,0.10804094297763,3892.93251502828,3523.97762575306,FALSE,""
"tlb_s395_SARIMA_2_2_3_0_1_1_12","SARIMA(2,2,3)(0,1,1)[12]",2,2,3,0,1,1,12,6,743.02421002703,0.408918884711967,3918.14218677771,3109.14895906591,FALSE,""
"tlb_s271_SARIMA_0_2_3_0_0_1_12","SARIMA(0,2,3)(0,0,1)[12]",0,2,3,0,0,1,12,4,959.993286813375,0.023493637437451,3953.78152489513,2704.43753393951,FALSE,""
"tlb_s179_SARIMA_2_1_3_0_1_1_12","SARIMA(2,1,3)(0,1,1)[12]",2,1,3,0,1,1,12,6,749.17214280564,0.435962394057651,3975.56174614507,3589.3039720216,FALSE,""
"tlb_s408_SARIMA_3_2_0_1_1_1_12","SARIMA(3,2,0)(1,1,1)[12]",3,2,0,1,1,1,12,5,748.734650279022,0.0493150921555261,3990.75540241528,3147.50456851234,FALSE,""
"tlb_s428_SARIMA_3_2_2_0_1_1_12","SARIMA(3,2,2)(0,1,1)[12]",3,2,2,0,1,1,12,6,743.210131039011,0.550465054306232,4002.29908818647,3493.50232715613,FALSE,""
"tlb_s324_SARIMA_1_2_2_0_1_1_12","SARIMA(1,2,2)(0,1,1)[12]",1,2,2,0,1,1,12,4,741.109625590335,0.295642316236171,4064.61680036316,3177.32777888735,FALSE,""
"tlb_s23_SARIMA_0_1_1_1_0_0_12","SARIMA(0,1,1)(1,0,0)[12]",0,1,1,1,0,0,12,2,967.635907284487,0.130947373960563,4085.05919000044,2946.55491410784,FALSE,""
"tlb_s386_SARIMA_2_2_2_0_1_1_12","SARIMA(2,2,2)(0,1,1)[12]",2,2,2,0,1,1,12,5,743.11196413127,0.245011076495773,4087.15400185551,3196.91641902018,FALSE,""
"tlb_s340_SARIMA_1_2_3_0_1_1_12","SARIMA(1,2,3)(0,1,1)[12]",1,2,3,0,1,1,12,5,743.102492553677,0.245839160153672,4090.8234421273,3197.68064923788,FALSE,""
"tlb_s75_SARIMA_1_1_0_1_0_0_12","SARIMA(1,1,0)(1,0,0)[12]",1,1,0,1,0,0,12,2,967.432604284877,0.14787526761677,4106.23184029031,2956.89432333079,FALSE,""
"tlb_s41_SARIMA_0_1_2_1_0_0_12","SARIMA(0,1,2)(1,0,0)[12]",0,1,2,1,0,0,12,3,969.446275668384,0.0954783294943717,4148.92684686322,2981.4344437119,FALSE,""
"tlb_s423_SARIMA_3_2_1_1_1_1_12","SARIMA(3,2,1)(1,1,1)[12]",3,2,1,1,1,1,12,6,747.106085462073,0.232354439620728,4149.91304719055,3692.36454600519,FALSE,""
"tlb_s44_SARIMA_0_1_2_1_1_0_12","SARIMA(0,1,2)(1,1,0)[12]",0,1,2,1,1,0,12,3,755.358878857434,0.090505131215601,4156.6387697279,3710.43449586487,FALSE,""
"tlb_s68_SARIMA_0_1_3_2_1_1_12","SARIMA(0,1,3)(2,1,1)[12]",0,1,3,2,1,1,12,6,750.318322683122,0.44934684865074,4159.66911446562,3611.84033476418,FALSE,""
"tlb_s5_SARIMA_0_1_0_1_0_0_12","SARIMA(0,1,0)(1,0,0)[12]",0,1,0,1,0,0,12,1,966.970843455752,0.0581919600225862,4162.48039893693,2975.20025573995,FALSE,""
"tlb_s170_SARIMA_2_1_2_1_0_0_12","SARIMA(2,1,2)(1,0,0)[12]",2,1,2,1,0,0,12,5,972.799531815675,0.0671946407041421,4185.22394025976,3012.16900533282,FALSE,""
"tlb_s138_SARIMA_2_1_0_1_0_0_12","SARIMA(2,1,0)(1,0,0)[12]",2,1,0,1,0,0,12,3,969.179573986613,0.108762557501412,4201.66341067693,3015.74198827778,FALSE,""
"tlb_s330_SARIMA_1_2_2_1_1_1_12","SARIMA(1,2,2)(1,1,1)[12]",1,2,2,1,1,1,12,5,742.820207318501,0.25564935619996,4206.7463481329,3329.78300048331,FALSE,""
"tlb_s345_SARIMA_1_2_3_1_1_1_12","SARIMA(1,2,3)(1,1,1)[12]",1,2,3,1,1,1,12,6,744.805959361931,0.198643483312298,4208.59509317119,3337.86555689099,FALSE,""
"tlb_s367_SARIMA_2_2_1_0_0_1_12","SARIMA(2,2,1)(0,0,1)[12]",2,2,1,0,0,1,12,4,959.847457445428,0.0241535249109195,4212.85894896993,2908.91817601504,FALSE,""
"tlb_s92_SARIMA_1_1_1_1_0_0_12","SARIMA(1,1,1)(1,0,0)[12]",1,1,1,1,0,0,12,3,969.158879354506,0.10570078321274,4230.99649929873,3034.79317647419,FALSE,""
"tlb_s154_SARIMA_2_1_1_1_0_0_12","SARIMA(2,1,1)(1,0,0)[12]",2,1,1,1,0,0,12,4,971.118939346482,0.0769428182564748,4244.45653247652,3042.20799530364,FALSE,""
"tlb_s126_SARIMA_1_1_3_1_0_0_12","SARIMA(1,1,3)(1,0,0)[12]",1,1,3,1,0,0,12,5,969.990138045911,0.170116320658594,4255.54996626171,3049.78959920179,FALSE,""
"tlb_s304_SARIMA_1_2_1_0_0_0_12","SARIMA(1,2,1)(0,0,0)[12]",1,2,1,0,0,0,12,2,963.071136454063,0.01188541414158,4258.71644395668,3192.51008140293,FALSE,""
"tlb_s376_SARIMA_2_2_1_1_1_1_12","SARIMA(2,2,1)(1,1,1)[12]",2,2,1,1,1,1,12,5,745.123677995719,0.305529196450225,4272.67408146711,3785.26602886171,FALSE,""
"tlb_s26_SARIMA_0_1_1_1_1_0_12","SARIMA(0,1,1)(1,1,0)[12]",0,1,1,1,1,0,12,2,753.424942125306,0.11851068925521,4275.60415720399,3798.90538410829,FALSE,""
"tlb_s110_SARIMA_1_1_2_1_0_0_12","SARIMA(1,1,2)(1,0,0)[12]",1,1,2,1,0,0,12,4,970.998200829633,0.0777791013708727,4277.11126542465,3068.24901301115,FALSE,""
"tlb_s392_SARIMA_2_2_3_0_0_0_12","SARIMA(2,2,3)(0,0,0)[12]",2,2,3,0,0,0,12,5,961.725532447975,0.0212864153811315,4284.83199488687,3186.76738779438,FALSE,""
"tlb_s129_SARIMA_1_1_3_1_1_1_12","SARIMA(1,1,3)(1,1,1)[12]",1,1,3,1,1,1,12,6,749.187673203578,0.64729201491705,4296.45062899953,3841.22882516273,FALSE,""
"tlb_s125_SARIMA_1_1_3_0_1_2_12","SARIMA(1,1,3)(0,1,2)[12]",1,1,3,0,1,2,12,6,748.781453124815,0.623488753970041,4301.04443834248,3877.56425976025,FALSE,""
"tlb_s397_SARIMA_2_2_3_1_1_0_12","SARIMA(2,2,3)(1,1,0)[12]",2,2,3,1,1,0,12,6,748.023722614278,0.223125615212678,4315.99300596745,3892.24280961739,FALSE,""
"tlb_s204_SARIMA_3_1_1_1_0_0_12","SARIMA(3,1,1)(1,0,0)[12]",3,1,1,1,0,0,12,5,971.480184900102,0.0436394606728194,4330.59021033028,3117.66833690192,FALSE,""
"tlb_s341_SARIMA_1_2_3_0_1_2_12","SARIMA(1,2,3)(0,1,2)[12]",1,2,3,0,1,2,12,6,744.711323717268,0.197818441927894,4354.41670024294,3465.01228376505,FALSE,""
"tlb_s358_SARIMA_2_2_0_1_1_1_12","SARIMA(2,2,0)(1,1,1)[12]",2,2,0,1,1,1,12,4,747.271398714529,0.0534355440332867,4356.03128937284,3323.42652522519,FALSE,""
"tlb_s59_SARIMA_0_1_3_1_0_0_12","SARIMA(0,1,3)(1,0,0)[12]",0,1,3,1,0,0,12,4,968.375836553971,0.250033169949025,4360.93593029647,3123.10121146221,FALSE,""
"tlb_s325_SARIMA_1_2_2_0_1_2_12","SARIMA(1,2,2)(0,1,2)[12]",1,2,2,0,1,2,12,5,742.727215611613,0.252799225547552,4366.41892254146,3468.63425636685,FALSE,""
"tlb_s252_SARIMA_0_2_2_0_0_0_12","SARIMA(0,2,2)(0,0,0)[12]",0,2,2,0,0,0,12,2,963.025000068521,0.0136181501180553,4392.80774172181,3302.92378979526,FALSE,""
"tlb_s191_SARIMA_3_1_0_1_1_0_12","SARIMA(3,1,0)(1,1,0)[12]",3,1,0,1,1,0,12,4,756.677099457239,0.103105928360587,4410.08872529878,3894.17304402659,FALSE,""
"tlb_s188_SARIMA_3_1_0_1_0_0_12","SARIMA(3,1,0)(1,0,0)[12]",3,1,0,1,0,0,12,4,970.708136626672,0.0563933237397092,4412.69042463094,3192.9472006031,FALSE,""
"tlb_s64_SARIMA_0_1_3_1_1_2_12","SARIMA(0,1,3)(1,1,2)[12]",0,1,3,1,1,2,12,6,750.550299130714,0.579742565669006,4415.82247413703,3914.85591830458,FALSE,""
"tlb_s58_SARIMA_0_1_3_0_1_2_12","SARIMA(0,1,3)(0,1,2)[12]",0,1,3,0,1,2,12,5,748.5527643859,0.661022846832076,4419.37869813274,3928.60155758926,FALSE,""
"tlb_s262_SARIMA_0_2_2_1_1_1_12","SARIMA(0,2,2)(1,1,1)[12]",0,2,2,1,1,1,12,4,743.706540364953,0.132097976445926,4429.74229700176,3424.01553189123,FALSE,""
"tlb_s172_SARIMA_2_1_2_1_1_0_12","SARIMA(2,1,2)(1,1,0)[12]",2,1,2,1,1,0,12,5,754.950344525565,0.202844886413825,4439.23419782627,3927.34513406704,FALSE,""
"tlb_s314_SARIMA_1_2_1_1_1_1_12","SARIMA(1,2,1)(1,1,1)[12]",1,2,1,1,1,1,12,4,743.632665313683,0.146675615629745,4442.79222283817,3451.21970384,FALSE,""
"tlb_s214_SARIMA_3_1_2_1_0_0_12","SARIMA(3,1,2)(1,0,0)[12]",3,1,2,1,0,0,12,6,969.467111945997,0.166631059967521,4452.09298948511,3222.61888017622,FALSE,""
"tlb_s78_SARIMA_1_1_0_1_1_0_12","SARIMA(1,1,0)(1,1,0)[12]",1,1,0,1,1,0,12,2,753.28703894052,0.127649662224535,4461.24222197361,3933.57330140866,FALSE,""
"tlb_s274_SARIMA_0_2_3_0_1_1_12","SARIMA(0,2,3)(0,1,1)[12]",0,2,3,0,1,1,12,4,743.836045947173,0.106957841963284,4486.53750583758,3377.19444674603,FALSE,""
"tlb_s280_SARIMA_0_2_3_1_1_1_12","SARIMA(0,2,3)(1,1,1)[12]",0,2,3,1,1,1,12,5,745.680049247769,0.0893919102213431,4490.97519786141,3456.53524498036,FALSE,""
"tlb_s390_SARIMA_2_2_2_1_1_0_12","SARIMA(2,2,2)(1,1,0)[12]",2,2,2,1,1,0,12,5,746.695689787471,0.296305808525958,4496.15100863801,3952.71530943042,FALSE,""
"tlb_s331_SARIMA_1_2_2_1_1_2_12","SARIMA(1,2,2)(1,1,2)[12]",1,2,2,1,1,2,12,6,744.500611148176,0.201078656204048,4498.90881699796,3556.9191171695,FALSE,""
"tlb_s63_SARIMA_0_1_3_1_1_1_12","SARIMA(0,1,3)(1,1,1)[12]",0,1,3,1,1,1,12,5,748.954836714667,0.711546167655028,4509.60378986058,4008.82192846548,FALSE,""
"tlb_s256_SARIMA_0_2_2_0_1_1_12","SARIMA(0,2,2)(0,1,1)[12]",0,2,2,0,1,1,12,3,741.861086890956,0.165842244737695,4516.90038527472,3398.52878363781,FALSE,""
"tlb_s95_SARIMA_1_1_1_1_1_0_12","SARIMA(1,1,1)(1,1,0)[12]",1,1,1,1,1,0,12,3,755.167405272427,0.113934506125167,4547.97521574722,3997.61658359741,FALSE,""
"tlb_s275_SARIMA_0_2_3_0_1_2_12","SARIMA(0,2,3)(0,1,2)[12]",0,2,3,0,1,2,12,5,745.604849557037,0.0883119947898012,4548.58855207357,3529.83035377202,FALSE,""
"tlb_s141_SARIMA_2_1_0_1_1_0_12","SARIMA(2,1,0)(1,1,0)[12]",2,1,0,1,1,0,12,3,755.19863008348,0.111441626992489,4555.2217376224,4001.45607222949,FALSE,""
"tlb_s157_SARIMA_2_1_1_1_1_0_12","SARIMA(2,1,1)(1,1,0)[12]",2,1,1,1,1,0,12,4,757.16437312328,0.0868179535731599,4556.70418456838,4005.3630426847,FALSE,""
"tlb_s393_SARIMA_2_2_3_0_0_1_12","SARIMA(2,2,3)(0,0,1)[12]",2,2,3,0,0,1,12,6,963.551109795456,0.0101431642549852,4562.89251104102,3229.78859614384,FALSE,""
"tlb_s320_SARIMA_1_2_2_0_0_0_12","SARIMA(1,2,2)(0,0,0)[12]",1,2,2,0,0,0,12,3,964.988673975583,0.00999515384838301,4571.67072197313,3448.79362423022,FALSE,""
"tlb_s308_SARIMA_1_2_1_0_1_1_12","SARIMA(1,2,1)(0,1,1)[12]",1,2,1,0,1,1,12,3,741.8493999896,0.182598044142085,4589.10184952206,3445.0734845616,FALSE,""
"tlb_s263_SARIMA_0_2_2_1_1_2_12","SARIMA(0,2,2)(1,1,2)[12]",0,2,2,1,1,2,12,5,745.481009203414,0.102809893099275,4619.92546032515,3565.07238752414,FALSE,""
"tlb_s257_SARIMA_0_2_2_0_1_2_12","SARIMA(0,2,2)(0,1,2)[12]",0,2,2,0,1,2,12,4,743.566120997506,0.132826557929316,4625.13220944825,3593.41456958246,FALSE,""
"tlb_s344_SARIMA_1_2_3_1_1_0_12","SARIMA(1,2,3)(1,1,0)[12]",1,2,3,1,1,0,12,5,746.796654218581,0.305926509288323,4626.79985490878,4135.80601585018,FALSE,""
"tlb_s309_SARIMA_1_2_1_0_1_2_12","SARIMA(1,2,1)(0,1,2)[12]",1,2,1,0,1,2,12,4,743.453553878182,0.144702419318156,4638.5289037081,3627.21940210982,FALSE,""
"tlb_s238_SARIMA_0_2_1_0_1_1_12","SARIMA(0,2,1)(0,1,1)[12]",0,2,1,0,1,1,12,2,740.752935365146,0.293744459965531,4639.04260096956,3429.82888756966,FALSE,""
"tlb_s244_SARIMA_0_2_1_1_1_1_12","SARIMA(0,2,1)(1,1,1)[12]",0,2,1,1,1,1,12,3,742.751101122845,0.238817553432824,4641.38781332059,3432.00413779324,FALSE,""
"tlb_s239_SARIMA_0_2_1_0_1_2_12","SARIMA(0,2,1)(0,1,2)[12]",0,2,1,0,1,2,12,3,742.749766771393,0.238622357063089,4643.52820935936,3433.96742492494,FALSE,""
"tlb_s279_SARIMA_0_2_3_1_1_0_12","SARIMA(0,2,3)(1,1,0)[12]",0,2,3,1,1,0,12,4,748.500300201047,0.114880096833149,4666.55577376245,4208.53329716856,FALSE,""
"tlb_s336_SARIMA_1_2_3_0_0_0_12","SARIMA(1,2,3)(0,0,0)[12]",1,2,3,0,0,0,12,4,966.525369658906,0.0118104344488837,4675.18705604368,3530.51095479392,FALSE,""
"tlb_s329_SARIMA_1_2_2_1_1_0_12","SARIMA(1,2,2)(1,1,0)[12]",1,2,2,1,1,0,12,4,744.874229858022,0.368376462148154,4682.04804584751,4223.31135954818,FALSE,""
"tlb_s382_SARIMA_2_2_2_0_0_0_12","SARIMA(2,2,2)(0,0,0)[12]",2,2,2,0,0,0,12,4,966.301126316136,0.0160068083092936,4685.1868289485,3534.86578683726,FALSE,""
"tlb_s180_SARIMA_2_1_3_1_0_0_12","SARIMA(2,1,3)(1,0,0)[12]",2,1,3,1,0,0,12,6,969.685159890314,0.247905562503126,4717.82910284984,3389.23299841061,FALSE,""
"tlb_s57_SARIMA_0_1_3_0_1_1_12","SARIMA(0,1,3)(0,1,1)[12]",0,1,3,0,1,1,12,4,748.434708135074,0.817684029863045,4723.0569441621,4199.91123896858,FALSE,""
"tlb_s113_SARIMA_1_1_2_1_1_0_12","SARIMA(1,1,2)(1,1,0)[12]",1,1,2,1,1,0,12,4,757.116562819103,0.120905830319722,4731.79094905049,4156.59200544369,FALSE,""
"tlb_s206_SARIMA_3_1_1_1_1_0_12","SARIMA(3,1,1)(1,1,0)[12]",3,1,1,1,1,0,12,5,752.489949530817,0.351638295868812,4742.40132150053,4173.35106275351,FALSE,""
"tlb_s281_SARIMA_0_2_3_1_1_2_12","SARIMA(0,2,3)(1,1,2)[12]",0,2,3,1,1,2,12,6,747.347288875726,0.0666718352477977,4757.19618141132,3669.54110805887,FALSE,""
"tlb_s313_SARIMA_1_2_1_1_1_0_12","SARIMA(1,2,1)(1,1,0)[12]",1,2,1,1,1,0,12,3,746.508580514772,0.135321363690365,4766.91612289939,4212.14043030934,FALSE,""
"tlb_s415_SARIMA_3_2_1_0_0_1_12","SARIMA(3,2,1)(0,0,1)[12]",3,2,1,0,0,1,12,5,961.185438699502,0.0113182537133188,4779.08788054005,3439.58727402676,FALSE,""
"tlb_s270_SARIMA_0_2_3_0_0_0_12","SARIMA(0,2,3)(0,0,0)[12]",0,2,3,0,0,0,12,3,964.880221205013,0.01265425745937,4780.77312422201,3620.64749597217,FALSE,""
"tlb_s430_SARIMA_3_2_2_1_1_0_12","SARIMA(3,2,2)(1,1,0)[12]",3,2,2,1,1,0,12,6,745.324425316619,0.360482789880905,4798.34949698028,4220.7547952183,FALSE,""
"tlb_s366_SARIMA_2_2_1_0_0_0_12","SARIMA(2,2,1)(0,0,0)[12]",2,2,1,0,0,0,12,3,964.781170730061,0.0161158417587919,4802.7183884472,3641.56481191795,FALSE,""
"tlb_s315_SARIMA_1_2_1_1_1_2_12","SARIMA(1,2,1)(1,1,2)[12]",1,2,1,1,1,2,12,5,745.44400182277,0.114426919727114,4834.07212824861,3735.87112235947,FALSE,""
"tlb_s426_SARIMA_3_2_2_0_0_1_12","SARIMA(3,2,2)(0,0,1)[12]",3,2,2,0,0,1,12,6,962.550173666367,0.00909583048519214,4837.10139652978,3460.67985055114,FALSE,""
"tlb_s67_SARIMA_0_1_3_2_1_0_12","SARIMA(0,1,3)(2,1,0)[12]",0,1,3,2,1,0,12,5,749.344883799374,0.760515206182594,4844.12954841757,4205.78602576984,FALSE,""
"tlb_s209_SARIMA_3_1_1_2_1_0_12","SARIMA(3,1,1)(2,1,0)[12]",3,1,1,2,1,0,12,6,751.030648638963,0.476551748975801,4868.83189342183,3406.32844804273,FALSE,""
"tlb_s289_SARIMA_1_2_0_0_1_0_12","SARIMA(1,2,0)(0,1,0)[12]",1,2,0,0,1,0,12,1,752.224072476324,0.00220016017730584,4869.85139227211,4340.36348375054,FALSE,""
"tlb_s131_SARIMA_1_1_3_2_1_0_12","SARIMA(1,1,3)(2,1,0)[12]",1,1,3,2,1,0,12,6,749.623588939431,0.72075887049488,4888.51846438223,4020.47521780649,FALSE,""
"tlb_s243_SARIMA_0_2_1_1_1_0_12","SARIMA(0,2,1)(1,1,0)[12]",0,2,1,1,1,0,12,2,746.45179442268,0.169347144623094,4903.15999308036,4478.8198966341,FALSE,""
"tlb_s401_SARIMA_3_2_0_0_1_0_12","SARIMA(3,2,0)(0,1,0)[12]",3,2,0,0,1,0,12,3,750.790101683111,0.000814300008941005,4912.28213633978,4079.38199858388,FALSE,""
"tlb_s261_SARIMA_0_2_2_1_1_0_12","SARIMA(0,2,2)(1,1,0)[12]",0,2,2,1,1,0,12,3,746.629587896647,0.13426700671009,4922.31083847787,4454.65111723835,FALSE,""
"tlb_s215_SARIMA_3_1_2_1_1_0_12","SARIMA(3,1,2)(1,1,0)[12]",3,1,2,1,1,0,12,6,753.838333547015,0.424766301725803,4936.05957722577,4329.13278677912,FALSE,""
"tlb_s185_SARIMA_3_1_0_0_1_0_12","SARIMA(3,1,0)(0,1,0)[12]",3,1,0,0,1,0,12,3,758.512688638002,0.00652244945795533,4964.32118311484,4461.5347973985,FALSE,""
"tlb_s175_SARIMA_2_1_2_2_1_0_12","SARIMA(2,1,2)(2,1,0)[12]",2,1,2,2,1,0,12,6,752.882189329323,0.245362362082559,4981.67451525979,3527.0727060709,FALSE,""
"tlb_s221_SARIMA_0_2_0_0_1_2_12","SARIMA(0,2,0)(0,1,2)[12]",0,2,0,0,1,2,12,2,753.372147255971,0.000547704403298988,4988.30137162674,3966.27377144345,FALSE,""
"tlb_s369_SARIMA_2_2_1_0_1_0_12","SARIMA(2,2,1)(0,1,0)[12]",2,2,1,0,1,0,12,3,746.445157860337,0.0119069523520425,5023.8308677372,4501.5438228634,FALSE,""
"tlb_s385_SARIMA_2_2_2_0_1_0_12","SARIMA(2,2,2)(0,1,0)[12]",2,2,2,0,1,0,12,4,748.445183236268,0.00788481493601434,5026.26832950017,4503.41716257825,FALSE,""
"tlb_s417_SARIMA_3_2_1_0_1_0_12","SARIMA(3,2,1)(0,1,0)[12]",3,2,1,0,1,0,12,4,748.445119017861,0.00788990932993316,5026.50373180293,4503.59669207715,FALSE,""
"tlb_s217_SARIMA_3_1_3_0_1_0_12","SARIMA(3,1,3)(0,1,0)[12]",3,1,3,0,1,0,12,6,753.796180831655,0.387131177486595,5051.20823531438,4500.17044089313,FALSE,""
"tlb_s107_SARIMA_1_1_2_0_1_0_12","SARIMA(1,1,2)(0,1,0)[12]",1,1,2,0,1,0,12,3,757.947750163949,0.060566396016957,5082.2680611705,4554.91170305233,FALSE,""
"tlb_s273_SARIMA_0_2_3_0_1_0_12","SARIMA(0,2,3)(0,1,0)[12]",0,2,3,0,1,0,12,3,750.220728877515,0.0127087752636121,5084.13054761446,4516.85695237613,FALSE,""
"tlb_s307_SARIMA_1_2_1_0_1_0_12","SARIMA(1,2,1)(0,1,0)[12]",1,2,1,0,1,0,12,2,747.521344477919,0.0142751037938065,5090.39793290788,4512.18872199354,FALSE,""
"tlb_s255_SARIMA_0_2_2_0_1_0_12","SARIMA(0,2,2)(0,1,0)[12]",0,2,2,0,1,0,12,2,748.238620168979,0.0219208596990508,5095.54174170354,4537.35356464974,FALSE,""
"tlb_s427_SARIMA_3_2_2_0_1_0_12","SARIMA(3,2,2)(0,1,0)[12]",3,2,2,0,1,0,12,5,745.980269269312,0.0326108973646622,5098.8774816064,4572.47101645094,FALSE,""
"tlb_s181_SARIMA_2_1_3_1_1_0_12","SARIMA(2,1,3)(1,1,0)[12]",2,1,3,1,1,0,12,6,751.55262644238,0.63105554787826,5111.29772116902,4462.29467692777,FALSE,""
"tlb_s151_SARIMA_2_1_1_0_1_0_12","SARIMA(2,1,1)(0,1,0)[12]",2,1,1,0,1,0,12,3,758.706999640046,0.0066897540238855,5141.62010719665,4606.02253068309,FALSE,""
"tlb_s1_SARIMA_0_1_0_0_0_1_12","SARIMA(0,1,0)(0,0,1)[12]",0,1,0,0,0,1,12,1,969.445437979255,0.0609261990651023,5143.68215286687,3717.1057511048,FALSE,""
"tlb_s89_SARIMA_1_1_1_0_1_0_12","SARIMA(1,1,1)(0,1,0)[12]",1,1,1,0,1,0,12,2,756.733200219984,0.00972338168197773,5152.31571468318,4614.23103615173,FALSE,""
"tlb_s135_SARIMA_2_1_0_0_1_0_12","SARIMA(2,1,0)(0,1,0)[12]",2,1,0,0,1,0,12,2,756.723732174461,0.0100221371938854,5163.56552883926,4623.02662936822,FALSE,""
"tlb_s32_SARIMA_0_1_1_2_1_0_12","SARIMA(0,1,1)(2,1,0)[12]",0,1,1,2,1,0,12,3,750.164735575654,0.277263579814442,5180.87463509096,3567.50543122328,FALSE,""
"tlb_s201_SARIMA_3_1_1_0_1_0_12","SARIMA(3,1,1)(0,1,0)[12]",3,1,1,0,1,0,12,4,753.815439102968,0.0330424330461528,5187.69424011462,4630.78699310952,FALSE,""
"tlb_s50_SARIMA_0_1_2_2_1_0_12","SARIMA(0,1,2)(2,1,0)[12]",0,1,2,2,1,0,12,4,752.161633589962,0.237649040741947,5192.22450447634,3572.24560085953,FALSE,""
"tlb_s56_SARIMA_0_1_3_0_1_0_12","SARIMA(0,1,3)(0,1,0)[12]",0,1,3,0,1,0,12,3,748.702818321336,0.583075732907578,5205.49198464712,4631.14877404168,FALSE,""
"tlb_s84_SARIMA_1_1_0_2_1_0_12","SARIMA(1,1,0)(2,1,0)[12]",1,1,0,2,1,0,12,3,750.060656485378,0.333836281459209,5217.11688287488,3587.35092943657,FALSE,""
"tlb_s147_SARIMA_2_1_0_2_1_0_12","SARIMA(2,1,0)(2,1,0)[12]",2,1,0,2,1,0,12,4,752.029207882802,0.306067574490181,5238.51713049562,3587.32554663822,FALSE,""
"tlb_s14_SARIMA_0_1_0_2_1_0_12","SARIMA(0,1,0)(2,1,0)[12]",0,1,0,2,1,0,12,2,750.066960240851,0.384844931376935,5238.68047233391,3491.840121482,FALSE,""
"tlb_s101_SARIMA_1_1_1_2_1_0_12","SARIMA(1,1,1)(2,1,0)[12]",1,1,1,2,1,0,12,4,752.022114050949,0.307378043039375,5239.33882765875,3583.214112317,FALSE,""
"tlb_s162_SARIMA_2_1_1_2_1_0_12","SARIMA(2,1,1)(2,1,0)[12]",2,1,1,2,1,0,12,5,754.0259756938,0.249397253188558,5240.99091323632,3588.56789156333,FALSE,""
"tlb_s118_SARIMA_1_1_2_2_1_0_12","SARIMA(1,1,2)(2,1,0)[12]",1,1,2,2,1,0,12,5,754.019078302871,0.262682077794651,5243.76224794013,3584.99743056501,FALSE,""
"tlb_s290_SARIMA_1_2_0_0_1_1_12","SARIMA(1,2,0)(0,1,1)[12]",1,2,0,0,1,1,12,2,748.671159940287,0.0760784633468226,5257.03280218829,4898.26236096398,FALSE,""
"tlb_s196_SARIMA_3_1_0_2_1_0_12","SARIMA(3,1,0)(2,1,0)[12]",3,1,0,2,1,0,12,5,753.879297383164,0.240180375338633,5259.05506173597,3569.61436963834,FALSE,""
"tlb_s339_SARIMA_1_2_3_0_1_0_12","SARIMA(1,2,3)(0,1,0)[12]",1,2,3,0,1,0,12,4,748.281648825793,0.0587173159994768,5261.32672051803,4708.82518050707,FALSE,""
"tlb_s72_SARIMA_1_1_0_0_1_0_12","SARIMA(1,1,0)(0,1,0)[12]",1,1,0,0,1,0,12,1,754.922926151684,0.0125463615457209,5264.68438920969,4698.90461857812,FALSE,""
"tlb_s167_SARIMA_2_1_2_0_1_0_12","SARIMA(2,1,2)(0,1,0)[12]",2,1,2,0,1,0,12,4,755.881863361045,0.0691044785546733,5277.49830982484,4671.78528257667,FALSE,""
"tlb_s38_SARIMA_0_1_2_0_1_0_12","SARIMA(0,1,2)(0,1,0)[12]",0,1,2,0,1,0,12,2,757.413728378996,0.0087847965227511,5301.79067072435,4725.30769572577,FALSE,""
"tlb_s20_SARIMA_0_1_1_0_1_0_12","SARIMA(0,1,1)(0,1,0)[12]",0,1,1,0,1,0,12,1,755.414568943039,0.0134780563794964,5306.57233941523,4728.64547346667,FALSE,""
"tlb_s62_SARIMA_0_1_3_1_1_0_12","SARIMA(0,1,3)(1,1,0)[12]",0,1,3,1,1,0,12,4,749.330464441182,0.841078750963169,5322.20173397516,4622.54252463609,FALSE,""
"tlb_s128_SARIMA_1_1_3_1_1_0_12","SARIMA(1,1,3)(1,1,0)[12]",1,1,3,1,1,0,12,5,750.331628576334,0.780199487875413,5339.56102866922,4637.92344686599,FALSE,""
"tlb_s150_SARIMA_2_1_1_0_0_1_12","SARIMA(2,1,1)(0,0,1)[12]",2,1,1,0,0,1,12,4,974.738655298891,0.0388287060365085,5369.09293835473,3865.01586346709,FALSE,""
"tlb_s18_SARIMA_0_1_1_0_0_1_12","SARIMA(0,1,1)(0,0,1)[12]",0,1,1,0,0,1,12,2,970.913682553586,0.0678724984919116,5400.00309187413,3893.93876331055,FALSE,""
"tlb_s323_SARIMA_1_2_2_0_1_0_12","SARIMA(1,2,2)(0,1,0)[12]",1,2,2,0,1,0,12,3,746.934548894367,0.035256509065815,5442.32915730161,4507.10487990159,FALSE,""
"tlb_s123_SARIMA_1_1_3_0_1_0_12","SARIMA(1,1,3)(0,1,0)[12]",1,1,3,0,1,0,12,4,750.003913407072,0.475792310299484,5446.1447381703,4808.03705893828,FALSE,""
"tlb_s226_SARIMA_0_2_0_1_1_1_12","SARIMA(0,2,0)(1,1,1)[12]",0,2,0,1,1,1,12,2,754.25675122469,0.000235552716090215,5452.2819338674,4893.85393968804,FALSE,""
"tlb_s70_SARIMA_1_1_0_0_0_1_12","SARIMA(1,1,0)(0,0,1)[12]",1,1,0,0,0,1,12,2,970.861424067332,0.0692947574560959,5481.89447130285,3957.01803692872,FALSE,""
"tlb_s149_SARIMA_2_1_1_0_0_0_12","SARIMA(2,1,1)(0,0,0)[12]",2,1,1,0,0,0,12,3,979.196152844122,0.0276755981302372,5521.39024812276,4252.16500933573,FALSE,""
"tlb_s36_SARIMA_0_1_2_0_0_1_12","SARIMA(0,1,2)(0,0,1)[12]",0,1,2,0,0,1,12,3,972.847810789356,0.0451807779653554,5556.37334464877,4018.63041713084,FALSE,""
"tlb_s104_SARIMA_1_1_2_0_0_0_12","SARIMA(1,1,2)(0,0,0)[12]",1,1,2,0,0,0,12,3,979.391203403879,0.0205582107663004,5565.59183014551,4298.3612055906,FALSE,""
"tlb_s353_SARIMA_2_2_0_0_1_2_12","SARIMA(2,2,0)(0,1,2)[12]",2,2,0,0,1,2,12,4,747.04249652921,0.045598611833284,5573.25114243135,4247.66664263803,FALSE,""
"tlb_s132_SARIMA_2_1_0_0_0_0_12","SARIMA(2,1,0)(0,0,0)[12]",2,1,0,0,0,0,12,2,977.677303213314,0.0252805483540002,5575.10225044253,4306.69895150021,FALSE,""
"tlb_s164_SARIMA_2_1_2_0_0_0_12","SARIMA(2,1,2)(0,0,0)[12]",2,1,2,0,0,0,12,4,974.463119949505,0.0379327163703983,5584.50617288237,4343.44415675998,FALSE,""
"tlb_s35_SARIMA_0_1_2_0_0_0_12","SARIMA(0,1,2)(0,0,0)[12]",0,1,2,0,0,0,12,2,977.741767151082,0.020749590922715,5618.31604071071,4364.46940987948,FALSE,""
"tlb_s350_SARIMA_2_2_0_0_0_2_12","SARIMA(2,2,0)(0,0,2)[12]",2,2,0,0,0,2,12,4,963.462234645218,0.00767616514735792,5628.52816438181,4305.35645125722,FALSE,""
"tlb_s400_SARIMA_3_2_0_0_0_2_12","SARIMA(3,2,0)(0,0,2)[12]",3,2,0,0,0,2,12,5,965.381921554403,0.00586559439262202,5628.90012473878,4327.78227134263,FALSE,""
"tlb_s17_SARIMA_0_1_1_0_0_0_12","SARIMA(0,1,1)(0,0,0)[12]",0,1,1,0,0,0,12,1,975.785694470697,0.0258350538721914,5706.62416530436,4474.56992910226,FALSE,""
"tlb_s133_SARIMA_2_1_0_0_0_1_12","SARIMA(2,1,0)(0,0,1)[12]",2,1,0,0,0,1,12,3,972.742090928333,0.0474138045801814,5718.9511320209,4148.07894089801,FALSE,""
"tlb_s69_SARIMA_1_1_0_0_0_0_12","SARIMA(1,1,0)(0,0,0)[12]",1,1,0,0,0,0,12,1,975.805786769339,0.0240027705298637,5735.21327664367,4510.63092857388,FALSE,""
"tlb_s178_SARIMA_2_1_3_0_1_0_12","SARIMA(2,1,3)(0,1,0)[12]",2,1,3,0,1,0,12,5,751.7882209904,0.424507408011165,5750.48527291525,5017.51488653199,FALSE,""
"tlb_s211_SARIMA_3_1_2_0_0_1_12","SARIMA(3,1,2)(0,0,1)[12]",3,1,2,0,0,1,12,6,971.890716853212,0.0758381385838061,5750.64616052744,4190.6814926478,FALSE,""
"tlb_s87_SARIMA_1_1_1_0_0_1_12","SARIMA(1,1,1)(0,0,1)[12]",1,1,1,0,0,1,12,3,972.684457799962,0.0467729260257977,5814.4258430875,4238.59001595671,FALSE,""
"tlb_s165_SARIMA_2_1_2_0_0_1_12","SARIMA(2,1,2)(0,0,1)[12]",2,1,2,0,0,1,12,5,976.48405706591,0.0255836457837759,5819.36931854439,4254.91193622732,FALSE,""
"tlb_s53_SARIMA_0_1_3_0_0_0_12","SARIMA(0,1,3)(0,0,0)[12]",0,1,3,0,0,0,12,3,979.071360937256,0.0272298944951063,5832.13019347808,4601.19736020312,FALSE,""
"tlb_s351_SARIMA_2_2_0_0_1_0_12","SARIMA(2,2,0)(0,1,0)[12]",2,2,0,0,1,0,12,2,750.96985190192,0.000733717077443297,5835.92494641615,4693.46011708833,FALSE,""
"tlb_s120_SARIMA_1_1_3_0_0_0_12","SARIMA(1,1,3)(0,0,0)[12]",1,1,3,0,0,0,12,4,980.913866804159,0.0178035035619014,5846.9633504002,4628.82051331768,FALSE,""
"tlb_s198_SARIMA_3_1_1_0_0_0_12","SARIMA(3,1,1)(0,0,0)[12]",3,1,1,0,0,0,12,4,980.566572935853,0.0235928320522869,5854.34002729745,4631.4189064488,FALSE,""
"tlb_s182_SARIMA_3_1_0_0_0_0_12","SARIMA(3,1,0)(0,0,0)[12]",3,1,0,0,0,0,12,3,978.710526971608,0.0377549250623462,5893.81377457162,4665.30968120334,FALSE,""
"tlb_s105_SARIMA_1_1_2_0_0_1_12","SARIMA(1,1,2)(0,0,1)[12]",1,1,2,0,0,1,12,4,974.640199520084,0.0315584544117533,5900.64651383562,4297.85919842259,FALSE,""
"tlb_s210_SARIMA_3_1_2_0_0_0_12","SARIMA(3,1,2)(0,0,0)[12]",3,1,2,0,0,0,12,5,975.740341747683,0.0132005075509413,5914.67471870421,4710.27489360862,FALSE,""
"tlb_s176_SARIMA_2_1_3_0_0_0_12","SARIMA(2,1,3)(0,0,0)[12]",2,1,3,0,0,0,12,5,975.606590284259,0.0127717440799204,5927.85323809674,4732.14075603183,FALSE,""
"tlb_s403_SARIMA_3_2_0_0_1_2_12","SARIMA(3,2,0)(0,1,2)[12]",3,2,0,0,1,2,12,5,748.389133632363,0.0355170495094512,5950.53105138728,4542.96926453756,FALSE,""
"tlb_s86_SARIMA_1_1_1_0_0_0_12","SARIMA(1,1,1)(0,0,0)[12]",1,1,1,0,0,0,12,2,978.029073231524,0.00966745658628942,5954.88042703113,4768.99048119263,FALSE,""
"tlb_s216_SARIMA_3_1_3_0_0_0_12","SARIMA(3,1,3)(0,0,0)[12]",3,1,3,0,0,0,12,6,978.195088471437,0.011581938792579,5961.60554435197,4731.13996203365,FALSE,""
"tlb_s183_SARIMA_3_1_0_0_0_1_12","SARIMA(3,1,0)(0,0,1)[12]",3,1,0,0,0,1,12,4,974.151746595621,0.032179480299089,6057.31693096583,4455.42769947097,FALSE,""
"tlb_s432_SARIMA_3_2_3_0_1_0_12","SARIMA(3,2,3)(0,1,0)[12]",3,2,3,0,1,0,12,6,746.214783892221,0.133566163360111,6070.19292760207,5290.89686308208,FALSE,""
"tlb_s291_SARIMA_1_2_0_0_1_2_12","SARIMA(1,2,0)(0,1,2)[12]",1,2,0,0,1,2,12,3,748.808970110471,0.0501111714269308,6071.40254493379,4614.52605577519,FALSE,""
"tlb_s245_SARIMA_0_2_1_1_1_2_12","SARIMA(0,2,1)(1,1,2)[12]",0,2,1,1,1,2,12,4,744.480530948796,0.208500076749543,6075.52999379097,4486.67261396115,FALSE,""
"tlb_s212_SARIMA_3_1_2_0_1_0_12","SARIMA(3,1,2)(0,1,0)[12]",3,1,2,0,1,0,12,5,753.921180948846,0.131777002901034,6082.92973989382,5245.52616485068,FALSE,""
"tlb_s199_SARIMA_3_1_1_0_0_1_12","SARIMA(3,1,1)(0,0,1)[12]",3,1,1,0,0,1,12,5,975.523270693968,0.0241092682749199,6095.94176029316,4466.06188340016,FALSE,""
"tlb_s227_SARIMA_0_2_0_1_1_2_12","SARIMA(0,2,0)(1,1,2)[12]",0,2,0,1,1,2,12,3,754.900541728546,0.00173243848606086,6360.85102154242,4635.48899922641,FALSE,""
"tlb_s177_SARIMA_2_1_3_0_0_1_12","SARIMA(2,1,3)(0,0,1)[12]",2,1,3,0,0,1,12,6,973.159166470775,0.103590690258281,6456.40141865918,4683.14491250949,FALSE,""
"tlb_s394_SARIMA_2_2_3_0_1_0_12","SARIMA(2,2,3)(0,1,0)[12]",2,2,3,0,1,0,12,5,750.626365821384,0.0139752844219709,6642.06338947432,5967.58275528377,FALSE,""
"tlb_s121_SARIMA_1_1_3_0_0_1_12","SARIMA(1,1,3)(0,0,1)[12]",1,1,3,0,0,1,12,5,975.041375861539,0.0437819779243757,6665.92270922868,4832.59715878556,FALSE,""
"tlb_s237_SARIMA_0_2_1_0_1_0_12","SARIMA(0,2,1)(0,1,0)[12]",0,2,1,0,1,0,12,1,748.976442045397,0.0032458168529842,6710.40276525904,5363.74584407624,FALSE,""
"tlb_s54_SARIMA_0_1_3_0_0_1_12","SARIMA(0,1,3)(0,0,1)[12]",0,1,3,0,0,1,12,4,973.357542766223,0.0673713985981019,6947.03776799422,5099.94820614014,FALSE,""
"tlb_s424_SARIMA_3_2_1_2_0_0_12","SARIMA(3,2,1)(2,0,0)[12]",3,2,1,2,0,0,12,6,966.253093514958,0.00292902786311333,7219.02035451946,5410.38175219579,FALSE,""
"tlb_s421_SARIMA_3_2_1_1_0_1_12","SARIMA(3,2,1)(1,0,1)[12]",3,2,1,1,0,1,12,6,966.190801476101,0.00317736957213166,7243.50667453812,5414.64104374327,FALSE,""
"tlb_s355_SARIMA_2_2_0_1_0_1_12","SARIMA(2,2,0)(1,0,1)[12]",2,2,0,1,0,1,12,4,962.602240781648,0.00570128120119895,7326.68387086436,5482.67690526257,FALSE,""
"tlb_s360_SARIMA_2_2_0_2_0_0_12","SARIMA(2,2,0)(2,0,0)[12]",2,2,0,2,0,0,12,4,962.713205762841,0.00469058355920648,7398.27372191777,5558.56322155282,FALSE,""
"tlb_s373_SARIMA_2_2_1_1_0_1_12","SARIMA(2,2,1)(1,0,1)[12]",2,2,1,1,0,1,12,5,964.225353533566,0.00545961920890736,7428.21427103925,5557.70480182423,FALSE,""
"tlb_s405_SARIMA_3_2_0_1_0_1_12","SARIMA(3,2,0)(1,0,1)[12]",3,2,0,1,0,1,12,5,964.544512469819,0.00388126916738341,7473.15019721514,5595.99398901434,FALSE,""
"tlb_s370_SARIMA_2_2_1_0_1_1_12","SARIMA(2,2,1)(0,1,1)[12]",2,2,1,0,1,1,12,4,744.328040869641,0.360211531295577,7495.52456553542,7241.45191407086,FALSE,""
"tlb_s418_SARIMA_3_2_1_0_1_1_12","SARIMA(3,2,1)(0,1,1)[12]",3,2,1,0,1,1,12,5,746.33329538127,0.295348204773912,7509.44577773647,7255.46208442825,FALSE,""
"tlb_s410_SARIMA_3_2_0_2_0_0_12","SARIMA(3,2,0)(2,0,0)[12]",3,2,0,2,0,0,12,5,964.62862991973,0.00340120611487349,7541.90834456088,5665.85397244872,FALSE,""
"tlb_s335_SARIMA_1_2_2_2_1_1_12","SARIMA(1,2,2)(2,1,1)[12]",1,2,2,2,1,1,12,6,744.606586054608,0.277185224087468,7710.943753602,5622.6908026593,FALSE,""
"tlb_s231_SARIMA_0_2_0_2_1_0_12","SARIMA(0,2,0)(2,1,0)[12]",0,2,0,2,1,0,12,2,753.501341948781,0.020525541581482,7851.44993620555,5563.55770382663,FALSE,""
"tlb_s347_SARIMA_1_2_3_2_1_0_12","SARIMA(1,2,3)(2,1,0)[12]",1,2,3,2,1,0,12,6,744.965799491831,0.331000198192088,7868.34300773096,5749.91739769112,FALSE,""
"tlb_s381_SARIMA_2_2_1_2_1_1_12","SARIMA(2,2,1)(2,1,1)[12]",2,2,1,2,1,1,12,6,746.129491177434,0.132988100666634,7989.49246496794,5752.87136730903,FALSE,""
"tlb_s409_SARIMA_3_2_0_1_1_2_12","SARIMA(3,2,0)(1,1,2)[12]",3,2,0,1,1,2,12,6,750.2355372695,0.0254522612176363,8016.33684435409,5998.97180861322,FALSE,""
"tlb_s334_SARIMA_1_2_2_2_1_0_12","SARIMA(1,2,2)(2,1,0)[12]",1,2,2,2,1,0,12,5,742.994828707064,0.404647383545032,8024.75462358016,5877.34532632329,FALSE,""
"tlb_s319_SARIMA_1_2_1_2_1_1_12","SARIMA(1,2,1)(2,1,1)[12]",1,2,1,2,1,1,12,5,745.058393273986,0.258180944742474,8141.93031188249,5894.2736636547,FALSE,""
"tlb_s380_SARIMA_2_2_1_2_1_0_12","SARIMA(2,2,1)(2,1,0)[12]",2,2,1,2,1,0,12,5,745.501132579188,0.350074539146423,8150.24011017298,5895.42154860527,FALSE,""
"tlb_s359_SARIMA_2_2_0_1_1_2_12","SARIMA(2,2,0)(1,1,2)[12]",2,2,0,1,1,2,12,5,748.751302997107,0.0367648011815936,8164.70665507352,6102.75026850403,FALSE,""
"tlb_s318_SARIMA_1_2_1_2_1_0_12","SARIMA(1,2,1)(2,1,0)[12]",1,2,1,2,1,0,12,4,743.562587104926,0.378736038775811,8168.13785926024,5919.14072311001,FALSE,""
"tlb_s268_SARIMA_0_2_2_2_1_1_12","SARIMA(0,2,2)(2,1,1)[12]",0,2,2,2,1,1,12,5,745.182505375823,0.210004946526123,8207.73240854237,5959.24996969494,FALSE,""
"tlb_s285_SARIMA_0_2_3_2_1_1_12","SARIMA(0,2,3)(2,1,1)[12]",0,2,3,2,1,1,12,6,747.164195038123,0.192917504712821,8256.03610484001,5986.76192032352,FALSE,""
"tlb_s267_SARIMA_0_2_2_2_1_0_12","SARIMA(0,2,2)(2,1,0)[12]",0,2,2,2,1,0,12,4,743.740461501544,0.339627868753649,8265.03500577622,6013.16437212302,FALSE,""
"tlb_s284_SARIMA_0_2_3_2_1_0_12","SARIMA(0,2,3)(2,1,0)[12]",0,2,3,2,1,0,12,5,745.742059337353,0.275150647992516,8267.02597636412,6015.30982601087,FALSE,""
"tlb_s288_SARIMA_1_2_0_0_0_2_12","SARIMA(1,2,0)(0,0,2)[12]",1,2,0,0,0,2,12,3,966.60401427868,0.0267262452640343,8414.83295531057,6444.73859171798,FALSE,""
"tlb_s411_SARIMA_3_2_0_2_0_1_12","SARIMA(3,2,0)(2,0,1)[12]",3,2,0,2,0,1,12,6,966.405386207789,0.00178369428551595,8447.99959238038,6329.61496259853,FALSE,""
"tlb_s357_SARIMA_2_2_0_1_1_0_12","SARIMA(2,2,0)(1,1,0)[12]",2,2,0,1,1,0,12,3,749.70503121069,0.0519162328001543,8539.80203073199,8279.73270845598,FALSE,""
"tlb_s220_SARIMA_0_2_0_0_1_1_12","SARIMA(0,2,0)(0,1,1)[12]",0,2,0,0,1,1,12,1,757.95801832667,9.60876402689159e-06,8718.63737823599,8392.06609525185,FALSE,""
"tlb_s230_SARIMA_0_2_0_2_0_2_12","SARIMA(0,2,0)(2,0,2)[12]",0,2,0,2,0,2,12,4,976.151280163,0.00576338295008649,8735.37174383517,7062.46541636608,FALSE,""
"tlb_s219_SARIMA_0_2_0_0_0_2_12","SARIMA(0,2,0)(0,0,2)[12]",0,2,0,0,0,2,12,2,974.046604941067,0.0103095805008605,8750.6665687937,6736.40843336252,FALSE,""
"tlb_s222_SARIMA_0_2_0_1_0_0_12","SARIMA(0,2,0)(1,0,0)[12]",0,2,0,1,0,0,12,1,972.836975789193,0.0321474068165465,8824.41369767609,6616.01161765682,FALSE,""
"tlb_s269_SARIMA_0_2_2_2_1_2_12","SARIMA(0,2,2)(2,1,2)[12]",0,2,2,2,1,2,12,6,744.972155021266,0.052479011966748,8963.4565128828,6483.73832577495,FALSE,""
"tlb_s361_SARIMA_2_2_0_2_0_1_12","SARIMA(2,2,0)(2,0,1)[12]",2,2,0,2,0,1,12,5,964.291742296335,0.00245963716341968,8974.65175715072,6731.07824135405,FALSE,""
"tlb_s297_SARIMA_1_2_0_1_1_2_12","SARIMA(1,2,0)(1,1,2)[12]",1,2,0,1,1,2,12,4,750.362244038319,0.0680746097070209,8996.79636913271,6658.87727611504,FALSE,""
"tlb_s294_SARIMA_1_2_0_1_0_2_12","SARIMA(1,2,0)(1,0,2)[12]",1,2,0,1,0,2,12,4,968.530795025094,0.0173238839624054,9314.18616223733,7069.45078408948,FALSE,""
"tlb_s224_SARIMA_0_2_0_1_0_2_12","SARIMA(0,2,0)(1,0,2)[12]",0,2,0,1,0,2,12,3,976.034596820397,0.00659466498444738,9719.65639125684,7524.67745531377,FALSE,""
"tlb_s249_SARIMA_0_2_1_2_1_0_12","SARIMA(0,2,1)(2,1,0)[12]",0,2,1,2,1,0,12,3,743.066389493495,0.535604719382206,9851.71200829353,7209.65379486047,FALSE,""
"tlb_s250_SARIMA_0_2_1_2_1_1_12","SARIMA(0,2,1)(2,1,1)[12]",0,2,1,2,1,1,12,4,744.540334390129,0.402307954654532,9854.25785020389,7205.84297779943,FALSE,""
"tlb_s407_SARIMA_3_2_0_1_1_0_12","SARIMA(3,2,0)(1,1,0)[12]",3,2,0,1,1,0,12,4,750.348779032963,0.07025283359281,10052.7003018236,9704.69396168832,FALSE,""
"tlb_s356_SARIMA_2_2_0_1_0_2_12","SARIMA(2,2,0)(1,0,2)[12]",2,2,0,1,0,2,12,5,964.209695588981,0.00167506610125245,10247.8490939043,7686.40188506245,FALSE,""
"tlb_s251_SARIMA_0_2_1_2_1_2_12","SARIMA(0,2,1)(2,1,2)[12]",0,2,1,2,1,2,12,5,744.104796817491,0.135392428248825,10346.2731644505,7562.17577170496,FALSE,""
"tlb_s232_SARIMA_0_2_0_2_1_1_12","SARIMA(0,2,0)(2,1,1)[12]",0,2,0,2,1,1,12,3,755.005522937656,0.0123665270956853,10386.5574958553,7570.75874247555,FALSE,""
"tlb_s406_SARIMA_3_2_0_1_0_2_12","SARIMA(3,2,0)(1,0,2)[12]",3,2,0,1,0,2,12,6,966.160557359568,0.0010755606342322,10490.3864610261,7876.03570528609,FALSE,""
"tlb_s374_SARIMA_2_2_1_1_0_2_12","SARIMA(2,2,1)(1,0,2)[12]",2,2,1,1,0,2,12,6,965.878444557017,0.00168056047685994,10683.9324743525,8001.02369467197,FALSE,""
"tlb_s223_SARIMA_0_2_0_1_0_1_12","SARIMA(0,2,0)(1,0,1)[12]",0,2,0,1,0,1,12,2,974.799896357239,0.0243998682276783,10757.4275222495,8076.13197961725,FALSE,""
"tlb_s228_SARIMA_0_2_0_2_0_0_12","SARIMA(0,2,0)(2,0,0)[12]",0,2,0,2,0,0,12,2,974.793350085471,0.0245323896769406,11065.2644499744,8306.86082635878,FALSE,""
"tlb_s375_SARIMA_2_2_1_1_1_0_12","SARIMA(2,2,1)(1,1,0)[12]",2,2,1,1,1,0,12,4,745.883615167657,0.261599488820284,11214.0017475766,10840.7390907794,FALSE,""
"tlb_s422_SARIMA_3_2_1_1_1_0_12","SARIMA(3,2,1)(1,1,0)[12]",3,2,1,1,1,0,12,5,747.884677143987,0.216683312277846,11395.2687679133,11010.0781995371,FALSE,""
"tlb_s298_SARIMA_1_2_0_2_0_0_12","SARIMA(1,2,0)(2,0,0)[12]",1,2,0,2,0,0,12,3,966.564566415719,0.0228677215881082,11520.4337856103,8732.26976141377,FALSE,""
"tlb_s293_SARIMA_1_2_0_1_0_1_12","SARIMA(1,2,0)(1,0,1)[12]",1,2,0,1,0,1,12,3,966.564763385101,0.0228305095247149,11547.8074572737,8754.03366699242,FALSE,""
"tlb_s362_SARIMA_2_2_0_2_0_2_12","SARIMA(2,2,0)(2,0,2)[12]",2,2,0,2,0,2,12,6,966.191105175859,0.000870981724967579,11549.3008953791,8733.22011440139,FALSE,""
"tlb_s299_SARIMA_1_2_0_2_0_1_12","SARIMA(1,2,0)(2,0,1)[12]",1,2,0,2,0,1,12,4,968.564096534066,0.0153894950239937,11626.0046600607,8813.40634965893,FALSE,""
"tlb_s372_SARIMA_2_2_1_1_0_0_12","SARIMA(2,2,1)(1,0,0)[12]",2,2,1,1,0,0,12,4,962.631990713985,0.00206837251062841,11999.4583430001,9096.12447753605,FALSE,""
"tlb_s420_SARIMA_3_2_1_1_0_0_12","SARIMA(3,2,1)(1,0,0)[12]",3,2,1,1,0,0,12,5,964.629444937166,0.00118342168549723,12003.9969898339,9101.20436872591,FALSE,""
"tlb_s354_SARIMA_2_2_0_1_0_0_12","SARIMA(2,2,0)(1,0,0)[12]",2,2,0,1,0,0,12,3,961.186864801063,0.00170488414431447,12403.1700679529,9459.01015610958,FALSE,""
"tlb_s404_SARIMA_3_2_0_1_0_0_12","SARIMA(3,2,0)(1,0,0)[12]",3,2,0,1,0,0,12,4,963.046997607913,0.00132102488765873,12440.86618903,9475.91687164218,FALSE,""
"tlb_s292_SARIMA_1_2_0_1_0_0_12","SARIMA(1,2,0)(1,0,0)[12]",1,2,0,1,0,0,12,2,964.574737540005,0.0303852415073936,12507.5672189767,9525.36409267476,FALSE,""
"tlb_s412_SARIMA_3_2_0_2_1_0_12","SARIMA(3,2,0)(2,1,0)[12]",3,2,0,2,1,0,12,5,749.291186024274,0.051492429531953,12632.2540051068,9379.40749643411,FALSE,""
"tlb_s295_SARIMA_1_2_0_1_1_0_12","SARIMA(1,2,0)(1,1,0)[12]",1,2,0,1,1,0,12,2,751.963743872191,0.0323952566909702,12928.3315245516,12449.4741838556,FALSE,""
"tlb_s413_SARIMA_3_2_0_2_1_1_12","SARIMA(3,2,0)(2,1,1)[12]",3,2,0,2,1,1,12,6,751.081543260453,0.0268156644926795,13133.0394475231,9772.05470058465,FALSE,""
"tlb_s363_SARIMA_2_2_0_2_1_0_12","SARIMA(2,2,0)(2,1,0)[12]",2,2,0,2,1,0,12,4,747.698143362678,0.0962002515256483,13537.9024663078,10126.3555362347,FALSE,""
"tlb_s229_SARIMA_0_2_0_2_0_1_12","SARIMA(0,2,0)(2,0,1)[12]",0,2,0,2,0,1,12,3,976.548165115316,0.0154620531778105,13845.6686949699,10675.7123733906,FALSE,""
"tlb_s364_SARIMA_2_2_0_2_1_1_12","SARIMA(2,2,0)(2,1,1)[12]",2,2,0,2,1,1,12,5,749.410660985112,0.0571756411350623,14108.6346833481,10569.6710527661,FALSE,""
"tlb_s300_SARIMA_1_2_0_2_0_2_12","SARIMA(1,2,0)(2,0,2)[12]",1,2,0,2,0,2,12,5,970.436583792875,0.00813068629977065,14237.7132246429,10821.5427278188,FALSE,""
"tlb_s301_SARIMA_1_2_0_2_1_0_12","SARIMA(1,2,0)(2,1,0)[12]",1,2,0,2,1,0,12,3,749.158429834712,0.231794250455683,14554.1785133427,10839.9506881526,FALSE,""
"tlb_s365_SARIMA_2_2_0_2_1_2_12","SARIMA(2,2,0)(2,1,2)[12]",2,2,0,2,1,2,12,6,749.133081326662,0.0154630682361647,15061.0326093229,11515.34433551,FALSE,""
"tlb_s398_SARIMA_3_2_0_0_0_0_12","SARIMA(3,2,0)(0,0,0)[12]",3,2,0,0,0,0,12,3,972.61434620784,0.00437748359576351,15823.4266953984,13362.6800752314,FALSE,""
"tlb_s302_SARIMA_1_2_0_2_1_1_12","SARIMA(1,2,0)(2,1,1)[12]",1,2,0,2,1,1,12,4,750.700644680086,0.167638526398071,16177.5952020409,12141.371302693,FALSE,""
"tlb_s348_SARIMA_2_2_0_0_0_0_12","SARIMA(2,2,0)(0,0,0)[12]",2,2,0,0,0,0,12,2,971.763667664625,0.00524643215354004,17959.6817720949,15292.354119654,FALSE,""
"tlb_s225_SARIMA_0_2_0_1_1_0_12","SARIMA(0,2,0)(1,1,0)[12]",0,2,0,1,1,0,12,1,756.24589334313,0.00013859558068996,18209.8973949058,17292.1882271874,FALSE,""
"tlb_s233_SARIMA_0_2_0_2_1_2_12","SARIMA(0,2,0)(2,1,2)[12]",0,2,0,2,1,2,12,4,754.506981633409,0.00136469944691808,18844.9800453716,14557.2453979838,FALSE,""
"tlb_s303_SARIMA_1_2_0_2_1_2_12","SARIMA(1,2,0)(2,1,2)[12]",1,2,0,2,1,2,12,5,750.072206999767,0.036530137589381,18945.1790087815,14899.3379419152,FALSE,""
"tlb_s399_SARIMA_3_2_0_0_0_1_12","SARIMA(3,2,0)(0,0,1)[12]",3,2,0,0,0,1,12,4,966.738566238051,0.000547745264316002,23237.2473819265,19042.1940332957,FALSE,""
"tlb_s349_SARIMA_2_2_0_0_0_1_12","SARIMA(2,2,0)(0,0,1)[12]",2,2,0,0,0,1,12,3,964.741576182314,0.000958048085082708,23446.6729463586,19222.3939739701,FALSE,""
"tlb_s286_SARIMA_1_2_0_0_0_0_12","SARIMA(1,2,0)(0,0,0)[12]",1,2,0,0,0,0,12,1,981.020605189714,3.2152520965667e-06,25938.9747987887,22514.2807403997,FALSE,""
"tlb_s287_SARIMA_1_2_0_0_0_1_12","SARIMA(1,2,0)(0,0,1)[12]",1,2,0,0,0,1,12,2,968.478628348115,0.0085679023498717,32174.8077306962,26800.8257532003,FALSE,""
"tlb_s218_SARIMA_0_2_0_0_0_1_12","SARIMA(0,2,0)(0,0,1)[12]",0,2,0,0,0,1,12,1,977.733565523843,0.0355660222633021,32766.7136926471,27117.9311914396,FALSE,""
